word,count
恐怖,570
烟火,414
陈老师,380
最后,246
赵小娟,180
希望,167
孩子,161
天空,135
中式,131
封建迷信,129
悲剧,128
医生,122
尸体,121
解密,114
鸟儿,110
老师,109
迷信,108
田家,105
腐烂,105
泥土,103
已经,100
人物,99
不错,99
芳芳,97
送别,94
成为,93
氛围,92
解谜,92
结局,91
这种,91
国产,91
灵魂,90
喜欢,90
地方,87
叶敬山,85
我会,83
主角,82
星空,80
真正,78
真相,78
一部,77
人心,76
一种,76
the,75
整个,74
或许,73
优秀,73
小时,72
知道,68
无法,68
之后,68
中国,67
每个,66
叙事,66
绳子,65
大山,65
场景,65
结尾,65
作者,64
这是,64
家庭,64
值得,61
流程,61
世界,61
部分,61
灰烬,60
只能,60
最终,59
画面,59
陈青穗,58
生活,58
一款,58
想要,58
角色,58
推荐,58
能够,58
难度,57
不到,57
小镇,57
设计,57
东西,56
发生,56
儿子,55
游玩,55
发现,55
元素,55
绽放,55
三伏,53
有点,53
一场,52
不能,52
相信,52
葬礼,51
应该,51
确实,51
苦难,51
简单,50
选择,50
一下,49
存在,49
长亭,49
一点,49
现实,49
自由,49
感动,49
林理洵,49
一定,49
电影,48
问题,48
一直,47
神婆,47
古道,47
本作,47
之前,46
十分,46
带来,46
小娟,46
警察,46
调查,45
像是,45
人生,44
玩完,44
社会,44
令人,44
星河,43
出现,43
善良,43
吓人,43
有人,43
期待,43
悬疑,43
支教,43
美好,42
过程,42
女儿,42
妈妈,42
盗墓,41
里面,41
需要,41
走出,41
化作,40
田宇,40
警官,39
感受,39
燃烧,39
害怕,39
呜呜,39
那种,39
封建,39
整体,39
一起,39
方式,38
案件,38
父亲,38
永远,38
感到,38
文化,38
科学,38
塑造,37
情节,37
风格,37
起来,37
感人,36
个人,36
比较,36
大概,36
音乐,36
现在,36
特别,36
蟑螂,36
未来,36
操作,35
tt,35
完全,35
线索,35
鬼神,35
事情,35
田向荣,35
内容,35
星辰,34
黑暗,34
直接,34
很棒,34
拐卖,33
谜题,33
离开,33
月光,33
认为,33
程度,33
演出,33
恐惧,33
传统,33
后面,33
背景,32
一次,32
同样,32
心中,32
思想,32
名字,32
玩法,32
结束,32
代入,31
痛苦,31
of,31
悲伤,31
导致,31
剧本,31
几乎,30
思考,30
指引方向,30
清潭,30
要素,30
人性,30
田芳芳,30
过去,30
细节,30
不要,30
别梦寒,30
今宵,30
找到,30
气氛,29
感情,29
营造,29
压抑,29
星星,29
纸人,29
不再,29
主要,29
害死,29
文物,29
以后,29
时间,29
帮助,29
愿意,28
沉浸,28
精彩,28
死者,28
小说,28
主题,28
能力,28
两个,28
归路,28
算是,28
逐渐,28
儿媳,28
芳草,28
逃离,27
飞鸟,27
表现,27
照亮,27
情感,27
连天,27
背后,27
了解,27
原因,27
属于,27
温暖,27
船票,27
意外,27
环境,26
继续,26
基本,26
可惜,26
似乎,26
jump,26
井底,26
救赎,26
突然,26
充满,26
理解,26
震撼,26
一段,26
完整,26
记得,26
身上,26
也许,25
自我,25
被困,25
之中,25
愚昧,25
坠入,25
节奏,25
出去,25
深渊,25
留在,25
温情,25
惨案,25
追求,25
今天,24
scare,24
表达,24
好像,24
接受,24
公婆,24
深刻,24
看见,24
艺术,24
恰到好处,24
变成,24
做出,24
and,24
一位,23
有着,23
画风,23
挣扎,23
音效,23
下来,23
可怕,23
文字,23
工作,23
意难平,23
遗憾,23
内心,23
佳作,23
不同,23
影响,23
一颗,23
本来,23
更是,23
惊悚,22
事件,22
展开,22
一生,22
放弃,22
好评,22
推理,22
诡异,22
成就,22
明白,22
切换,22
变得,22
响起,22
制作,22
这片,22
绝对,22
啊啊啊,22
关系,22
一名,22
心里,21
死亡,21
无论是,21
母亲,21
是因为,21
指引,21
死去,21
刻画,21
灭门,21
遭受,21
几个,21
游戏性,21
这款,21
实在,21
地狱,21
想起,21
形象,21
意义,21
这部,21
不得不,21
生命,21
之下,20
剧透,20
心理,20
逝者,20
命运,20
昏暗,20
终于,20
触动,20
想象,20
好玩,20
悲哀,20
工作室,20
重要,20
幸福,20
到底,20
真实,19
一遍,19
告诉,19
更加,19
留下,19
一片,19
看过,19
尤其,19
身份,19
玩过,19
渲染,19
it,19
独立,19
讲述,19
互动,19
第一次,19
那段,19
完美,19
柳树,19
作业本,19
春风化雨,19
广阔,19
消失,19
美术,19
开出,19
灵异,18
得到,18
镇上,18
绝望,18
反转,18
走向,18
评价,18
朋友,18
入手,18
建议,18
相当,18
所有人,18
困住,18
习俗,18
难以,18
回来,18
类似,18
产生,18
手法,18
内核,18
一句,18
矛盾,18
土地,18
影楼,18
结合,18
大部分,18
一口气,18
做到,18
牢笼,18
面对,18
经历,18
慢慢,18
评测,18
单纯,18
遍野,18
前面,18
真是,18
三个,18
实况,18
不断,18
心情,17
感谢,17
引导,17
招魂,17
展现,17
本土,17
类型,17
无奈,17
见到,17
很大,17
解释,17
却是,17
中间,17
设定,17
力量,17
吸引,17
带给,17
容易,17
特色,17
两年,17
视角,17
到位,17
伏笔,17
不算,17
层层,17
流畅,17
实际上,17
方面,17
全程,17
温馨,17
决定,17
对话,17
纯粹,17
寻找,17
忘记,17
生根,17
发芽,17
枷锁,17
井口,17
乡村,17
曾经,17
完成,17
印象,17
牺牲,17
父母,17
看着,17
改变,17
爷爷奶奶,16
化为,16
支持,16
所谓,16
不高,16
进行,16
唯一,16
视觉,16
枯井,16
总体,16
拥有,16
黑森,16
自然,16
最大,16
升华,16
男主,16
山里,16
感触,16
逻辑,16
题材,16
璀璨,16
遇到,16
制作组,16
暗示,16
尽余欢,16
浊酒,16
四个,16
闭塞,16
教师,16
时代,16
to,16
game,16
后来,16
深度,16
仍然,16
种种,16
发展,16
进入,16
正义,16
迷茫,15
正在,15
学生,15
追逐,15
绚烂,15
代表,15
is,15
尝试,15
深入,15
温柔,15
一丝,15
让玩家,15
渴望,15
效果,15
强烈,15
依然,15
昨天,15
安眠药,15
很难,15
看似,15
之间,15
一根,15
精神,15
配乐,15
教育,15
相机,15
关卡,15
好好,15
丈夫,15
无力,15
毕竟,15
小蝌蚪,15
开头,15
推进,15
死后,15
陈清穗,15
珍贵,15
丰富,15
想到,15
具有,15
眼泪,15
行为,14
繁星,14
拯救,14
一刻,14
依旧,14
成功,14
井里,14
无数,14
造成,14
荣誉,14
扭曲,14
倒卖,14
巧妙,14
肯定,14
难受,14
最好,14
心灵,14
注定,14
见识,14
国人,14
埋葬,14
惋惜,14
刚刚,14
不知,14
不见,14
明明,14
体现,14
小游戏,14
是否,14
有意思,14
爱情,14
家人,14
给予,14
阴间,13
包括,13
一步步,13
美丽,13
光芒,13
民俗,13
王金财,13
狭窄,13
仿佛,13
人世间,13
没能,13
梦想,13
世上,13
一层,13
in,13
努力,13
一个个,13
仰望,13
留白,13
根本,13
束缚,13
足够,13
复杂,13
可怜,13
回到,13
阴影,13
来看,13
身边,13
更好,13
创意,13
神作,13
烟花,13
利用,13
总是,13
离别,13
山村,13
反抗,13
十年,13
终究,13
伟大,13
一张,13
家里,13
重新,13
紧凑,12
情况,12
治愈,12
彻底,12
显得,12
不少,12
封建思想,12
满分,12
晚风,12
柳笛声,12
沉重,12
夕阳,12
处理,12
鱼肉,12
没什么,12
大量,12
刺激,12
揭开,12
三年,12
灭门案,12
前期,12
跳脸,12
立绘,12
一部分,12
不幸,12
理由,12
办法,12
烦恼,12
回忆,12
习惯,12
四张,12
老人,12
一把,12
短暂,12
同志,12
明显,12
评论,12
记者,12
死灰,12
适合,12
不想,12
一首,12
有所,12
接触,12
用心,12
惊艳,12
脱离,12
机会,12
以前,11
打动,11
山外山,11
很少,11
合理,11
bgm,11
清晰,11
一壶,11
必须,11
漫天,11
一家,11
始终,11
举办,11
五年,11
失去,11
名为,11
通灵,11
独特,11
不了,11
片尾曲,11
毫无,11
禁锢,11
视频,11
大多,11
越来越,11
失望,11
仅仅,11
巨大,11
配音,11
一条,11
人口,11
探索,11
酿成,11
加入,11
落后,11
欲望,11
上去,11
出色,11
呈现,11
相关,11
后劲,11
瞬间,11
来到,11
空中,11
惊喜,11
不用,11
群山,11
光辉,11
物品,11
谢谢,11
难得,11
价格,11
打折,11
人民,11
其他人,11
大头贴,11
特殊,11
可爱,11
过来,10
秘密,10
这句,10
过于,10
友好,10
反复,10
隐藏,10
法医,10
不敢,10
原来,10
开心,10
下去,10
说实话,10
窒息,10
这份,10
太多,10
体量,10
清晨,10
水平,10
世间,10
看出,10
小卖部,10
小时候,10
简直,10
上吊,10
荒唐,10
欺骗,10
基本上,10
要说,10
毒药,10
棺材,10
当中,10
头发,10
具体,10
道路,10
一玩,10
左右,10
声音,10
方向,10
一点点,10
can,10
讲故事,10
控制,10
转场,10
婆婆,10
至少,10
惊吓,10
巧合,10
惨剧,10
血腥,10
付出,10
两人,10
公公,10
序章,10
年代,10
更为,10
形式,10
不仅仅,10
鬼怪,10
一桩,10
杯酒,10
账本,10
鉴赏家,10
一步,10
蜡烛,10
鸡皮疙瘩,10
想法,10
比起,10
人间,10
分享,10
熊熊燃烧,10
记忆,10
剩下,10
推动,10
ps,10
目的,10
悬念,10
劝君,10
放下,10
偏远,10
放烟火,10
破案,10
晚上,10
去世,9
反对,9
细思极,9
女性,9
表面,9
丰满,9
之外,9
角度,9
特点,9
案子,9
抨击,9
一天,9
回味,9
勇敢,9
作用,9
家中,9
外衣,9
标题,9
和田,9
是不是,9
答案,9
泥潭,9
叙述,9
无关,9
还好,9
村子,9
创造,9
久久,9
接近,9
早已,9
这位,9
直播,9
清楚,9
准备,9
开放式,9
报社,9
微恐,9
明确,9
that,9
只不过,9
一份,9
讽刺,9
试图,9
来讲,9
差不多,9
还会,9
学校,9
母爱,9
was,9
附身,9
一面,9
感慨,9
后期,9
实则,9
飞翔,9
相互,9
达到,9
味道,9
折纸,9
现象,9
过往,9
全家,9
勇气,9
意象,9
没想到,9
屏幕,9
开发者,9
日子,9
配合,9
这场,9
关注,9
错过,9
设置,9
共鸣,9
影视,9
往常,9
面前,9
先上去,9
参与,9
无家可归,9
井水,9
逃出,9
落泪,9
知交,9
不够,9
家长,9
清水,9
远方,9
呼应,9
制造,9
放在,9
天之涯,9
缺点,9
地之角,9
不惜,9
便是,9
体会,9
原本,9
零落,9
害人,8
愿望,8
影子,8
提示,8
过后,8
小小的,8
儿童,8
厉害,8
符合,8
形成,8
挣脱,8
破防,8
这座,8
在我看来,8
不难,8
揭露,8
解开,8
无疑,8
标签,8
加上,8
究竟,8
不可,8
旁观者,8
无知,8
受害者,8
难过,8
留下来,8
那片,8
获得,8
照片,8
计划,8
火焰,8
所作所为,8
无限,8
不怎么,8
打开,8
群体,8
倒映,8
无私,8
拐卖儿童,8
言说,8
肋骨,8
标语,8
will,8
桂兰,8
人才,8
压迫,8
普通,8
角落,8
空间,8
镇子,8
几座,8
描述,8
串联,8
扮演,8
承受,8
拉满,8
身处,8
回过,8
个人感觉,8
交互,8
母女,8
眼睛,8
触及,8
购买,8
合照,8
所说,8
恶心,8
电话,8
新颖,8
当时,8
第一个,8
陪伴,8
如山,8
天真,8
秋水,8
一团,8
喜悦,8
见证,8
证据,8
堆积,8
不好,8
核心,8
难平,8
同好,8
总结,8
贯穿,8
相对,8
从来,8
主旨,8
处处,8
一只,8
传递,8
好看,8
那一刻,8
报应,8
两位,8
台词,8
进一步,8
稍微,8
鬼魂,8
唏嘘,8
长大,8
纯真,8
国内,8
享受,8
思念,8
高潮,8
合适,7
夜空,7
章节,7
即将,7
冤魂,7
桥段,7
立体,7
人民警察,7
前进,7
亲自,7
阴森,7
悲惨,7
太好了,7
一年,7
光明,7
向往,7
表现力,7
新作,7
多个,7
敬山,7
描写,7
魅力,7
灰暗,7
一本,7
灿烂,7
带入,7
不剧,7
发凉,7
补票,7
妻子,7
困难,7
价值,7
表现手法,7
正常,7
妥协,7
夫妇,7
制作者,7
预期,7
探案,7
变化,7
依靠,7
冲击,7
往往,7
线性,7
情绪,7
之光,7
安排,7
相比,7
陷入,7
感官,7
罪名,7
有限,7
人物形象,7
深深,7
从小,7
无比,7
医闹,7
从未,7
不足,7
失踪,7
早就,7
养父母,7
深井,7
童年,7
气息,7
不愿,7
感兴趣,7
基调,7
are,7
时空,7
胆子,7
隐喻,7
一座,7
憧憬,7
交流,7
胆小,7
体质,7
那句,7
方法,7
交织,7
意识,7
必然,7
使用,7
远远,7
长出,7
最近,7
奉献,7
拿到,7
一出,7
越来越近,7
but,7
来时,7
徘徊,7
贩卖,7
燃尽,7
善意,7
糟粕,7
泪目,7
教书,7
想象力,7
色彩,7
避免,7
主线,7
对应,7
be,7
日记,7
不同于,7
环节,7
第九,7
疯狂,7
墙上,7
考虑,7
利益,7
转换,7
长辈,7
不太,7
灯光,7
河灯,7
延续,7
深山,7
采用,7
外人,7
小朋友,7
烘托,7
信息,7
联想,7
故事情节,7
诸多,7
之物,7
假装,7
欢迎,7
成长,7
传达,7
不禁,7
rpg,7
生动,6
从来不,6
沉默,6
眼里,6
小女孩,6
老板,6
拼接,6
年轻人,6
幸运,6
宣传,6
火灾,6
吞噬,6
一股,6
仪式,6
工具,6
深夜,6
险恶,6
勉强,6
永不,6
为主,6
环环相扣,6
服务,6
决心,6
孩童,6
警方,6
迷失,6
要求,6
眼前,6
别离,6
没法,6
问君,6
此去,6
一杯,6
试试,6
不必,6
叫魂,6
世纪,6
递进,6
优点,6
跟着,6
中期,6
碎片,6
认真,6
活在,6
下岗,6
事业,6
现实主义,6
一系列,6
布置,6
挑战,6
眼中,6
农村,6
辞职信,6
国家,6
状态,6
剥夺,6
里会,6
无尽,6
淡淡的,6
援手,6
邀请,6
负责,6
经典,6
向上,6
笑脸,6
过多,6
主人公,6
幻想,6
常常,6
饱满,6
实际,6
结构,6
极度,6
拨开,6
买来,6
up,6
活着,6
安利,6
一气呵成,6
打墙,6
叹息,6
拒绝,6
尊重,6
突脸,6
看不到,6
打破,6
还愿,6
每天,6
源于,6
高度,6
已然,6
细腻,6
死水,6
解说,6
话语,6
自愿,6
共同,6
无聊,6
每次,6
承认,6
抽丝剥茧,6
如潮,6
评分,6
有意,6
困于,6
懂得,6
不让,6
组成,6
结婚,6
听到,6
孙女,6
它会,6
投入,6
比较简单,6
执着,6
人间烟火,6
渐渐,6
冲击力,6
黑盒,6
关键,6
一家人,6
几章,6
创作者,6
再次,6
一辈子,6
背景音乐,6
那座,6
创作,6
追逐战,6
风俗,6
足以,6
免费,6
发掘,6
浮出,6
水面,6
小花,6
亲手,6
反正,6
浪漫,6
降低,6
第一章,6
卡关,6
觉醒,6
心态,6
较为,6
顺畅,6
得以,6
真切,6
或者说,6
过瘾,6
意味着,6
进去,6
大头照,6
坚持,6
有种,6
杀害,6
平凡,6
全是,6
good,6
回头,6
意思,6
回家,6
强行,6
动画,6
爱好者,6
哈哈哈,6
不该,6
应当,6
气来,6
涉及,6
头想,6
极其,6
花圈,6
经济,6
贴合,5
很强,5
一路,5
点燃,5
大众,5
不明,5
童声,5
机缘巧合,5
时刻,5
demo,5
新人,5
真心,5
包含,5
单薄,5
逃出去,5
河边,5
games,5
出身,5
jumpscare,5
走过,5
have,5
心头,5
路过,5
世界观,5
假扮,5
玩具,5
亲情,5
算不上,5
咽下,5
根源,5
归途,5
贪婪,5
爱子,5
互相帮助,5
星落,5
总会,5
打算,5
罪恶,5
团伙,5
拿出,5
城市,5
当作,5
期望,5
玩游戏,5
明天,5
首歌,5
相反,5
深不见底,5
太棒了,5
退出,5
离奇,5
银河,5
firework,5
不去,5
山中,5
生者,5
水彩画,5
事物,5
怪力乱神,5
进山,5
青穗,5
高层,5
市里,5
甘愿,5
纯洁,5
寄托,5
老家,5
终章,5
更能,5
笼中鸟,5
坚强,5
阴暗,5
凝视,5
愤怒,5
李叔同,5
感叹,5
感想,5
下面,5
真诚,5
那才,5
想必,5
星海,5
绚丽,5
职业,5
扑朔迷离,5
不重,5
公司,5
第六章,5
否定,5
简陋,5
载体,5
拼图,5
亲身,5
相同,5
拼命,5
铺垫,5
超自然,5
目前,5
这方面,5
关心,5
正好,5
好似,5
老套,5
同学,5
批判,5
表现形式,5
一篇,5
steam,5
黑色,5
very,5
兴趣,5
低级,5
摆脱,5
合格,5
教芳芳,5
害人不浅,5
大多数,5
立场,5
压力,5
林理询,5
当年,5
遭遇,5
前作,5
六个,5
暗线,5
官方,5
玩玩,5
慰藉,5
奇谭,5
不住,5
重复,5
美的,5
曲折,5
好久,5
蛋糕,5
中流,5
讨论,5
神鬼,5
一曲,5
so,5
前提,5
诅咒,5
煽情,5
谎言,5
观念,5
毒害,5
素材,5
顺便,5
佩服,5
本质,5
不愧,5
举动,5
交代,5
明亮,5
点点,5
神秘,5
东方,5
偏执,5
bring,5
几年,5
there,5
共情,5
成分,5
模式,5
歌声,5
适当,5
抗争,5
如今,5
一瞬间,5
大大,5
等待,5
告别,5
诊所,5
一套,5
减少,5
最高,5
自杀,5
撕裂,5
登场,5
牵扯,5
旅程,5
凶手,5
穿插,5
令人感动,5
奈何桥,5
寓意,5
独有,5
脆弱,5
坚定,5
刻意,5
介绍,5
时不时,5
阅读,5
一段话,5
诠释,5
痕迹,5
之人,5
男主角,5
第五章,5
尾声,5
丑恶,5
蒙太奇,5
拾英,5
写下,5
用户,5
心疼,5
当初,5
奶奶,5
每一处,5
虚幻,5
暂时,5
近乎,5
欢聚,5
充斥,5
立意,5
无声,5
警告,5
模糊,5
英雄,5
唤醒,5
些许,5
鲜明,5
欠缺,5
引人入胜,5
拍案叫绝,5
概念,5
认同,5
块钱,5
不亏,5
虚无缥缈,5
跌宕起伏,5
默默,5
语言,5
陈小娟,5
后续,5
梦境,5
漆黑,5
完结,5
保护,5
哀伤,5
一朵,5
成牢,5
居然,5
好奇,5
那天,5
下午,5
奖状,5
中有,5
一束,5
加油,5
鼓励,5
印证,5
圆满,5
攻略,5
偶尔,4
反差,4
事实,4
这件,4
囚禁,4
破除,4
把握,4
走上,4
get,4
丧葬,4
算得,4
一顿,4
亲人,4
极大,4
致敬,4
老一辈,4
冤屈,4
如果说,4
嫌疑人,4
心愿,4
密室,4
这一,4
媳妇,4
田氏,4
村民,4
谋划,4
我愿,4
一半,4
我爸,4
赋予,4
千疮百孔,4
契合,4
之处,4
头上,4
无辜,4
忍不住,4
收获,4
深思,4
金钱,4
孤独,4
冲破,4
权威,4
高能,4
纵火,4
一项,4
样子,4
out,4
迷雾,4
下毒,4
快乐,4
知晓,4
留给,4
一两个,4
出彩,4
外面,4
背负,4
敬佩,4
附体,4
观众,4
周围,4
只会,4
说不定,4
打着,4
无形,4
名誉,4
人员,4
形容,4
善恶,4
一味,4
笼子,4
经营,4
极为,4
成全,4
卧底,4
地步,4
精美,4
小人物,4
断断续续,4
想想,4
折断,4
女主,4
交错,4
成员,4
一试,4
化身,4
看看,4
夜晚,4
优秀作品,4
舒服,4
将来,4
放心,4
一众,4
有时候,4
注重,4
交谈,4
生前,4
怀疑,4
总有,4
找个,4
一章,4
玩到,4
痛心,4
文本,4
桎梏,4
人格,4
读者,4
幼年,4
提醒,4
注意,4
何尝,4
虚拟,4
抛弃,4
熟悉,4
扔下,4
天地,4
意犹未尽,4
动容,4
锅里,4
分析,4
点亮,4
母女俩,4
怀念,4
火花,4
特征,4
往事,4
情景,4
一同,4
媒体,4
乡土,4
深深地,4
稚嫩,4
理想,4
高中,4
富有,4
细雨,4
一人,4
东南西北,4
惊讶,4
一沟,4
经验,4
回味无穷,4
提到,4
催泪,4
同一个,4
电影票,4
成本,4
暴露,4
想过,4
多余,4
引发,4
时长,4
活人,4
微弱,4
刀子,4
for,4
今年,4
by,4
this,4
花瓶,4
打通,4
fireworks,4
早日,4
乌鸦,4
唯物主义,4
惩罚,4
再也,4
反应,4
镇里,4
走进,4
笼罩,4
常人,4
一惊,4
终将,4
难忘,4
余烬,4
写实,4
一眼,4
错乱,4
遐想,4
万里,4
深处,4
很快,4
相似,4
建立,4
两部,4
一棵树,4
顺利,4
if,4
苦涩,4
贴切,4
真不错,4
落下,4
不如说是,4
安身,4
发售,4
与其说是,4
记住,4
亮点,4
井中,4
儿时,4
音符,4
何人,4
劣等,4
缠身,4
终能,4
最深,4
危险品,4
测试,4
迫害,4
双眼,4
属实,4
一阵,4
触发,4
不寒而栗,4
第一,4
满足,4
无情,4
片段,4
毒死,4
谈谈,4
之力,4
转瞬即逝,4
好心,4
女人,4
折磨,4
随之而来,4
上学,4
限制,4
横板,4
自信,4
地图,4
看上去,4
编辑,4
真挚,4
中心,4
阻止,4
悲凉,4
四人,4
失败,4
认识,4
纠缠,4
医患,4
被害,4
阴阳,4
受刑,4
撕扯,4
处于,4
上来,4
描绘,4
同一,4
我家,4
盲目,4
加深,4
这块,4
解读,4
说明,4
展现出,4
陋习,4
写照,4
直至,4
绳索,4
一边,4
极具,4
一棵,4
ghosts,4
原价,4
单机游戏,4
淋漓尽致,4
伪装,4
说法,4
近年来,4
查案,4
看来,4
动人,4
穿梭,4
火星,4
身影,4
说出,4
因果报应,4
not,4
平庸,4
超现实,4
沟通,4
即可,4
办案,4
万物,4
滋养,4
无脑,4
充分,4
说话,4
死人,4
精巧,4
差点,4
春风,4
重心,4
生日,4
头像,4
way,4
or,4
地上,4
慌张,4
解脱,4
人类,4
莫过于,4
扎根,4
游魂,4
一度,4
给出,4
质量,4
恐怖片,4
同病相怜,4
应有,4
网上,4
围绕,4
困在,4
毁灭,4
尤为,4
开放性,4
特效,4
象征,4
归宿,4
有趣,4
品质,4
透过,4
药物,4
固定,4
正名,4
购入,4
一终,4
尽头,4
观点,4
祭祀,4
彩票,4
差评,4
more,4
忍受,4
毛骨悚然,4
好受,4
冲突,4
忽视,4
伴随,4
强调,4
可能性,4
交换,4
看起来,4
支离破碎,4
有剧,4
耳机,4
以下,4
可玩性,4
缺失,4
称得上,4
没错,4
不适,4
细细,4
服从,4
理性,4
照顾,4
收入,4
彩蛋,4
说完,4
旁观,4
传说,4
犯罪,4
优势,4
干呕,4
感同身受,4
倾向,4
成熟,4
构思,4
升空,4
很长,4
穿过,4
轻微,4
二者,4
艺术品,4
过度,4
能量,4
房间,4
常见,4
漫山遍野,4
伸冤,4
爷爷,4
简介,4
千万,4
多一点,4
道具,4
下一作,4
复活,4
我能,4
揭秘,4
一手,4
中国式,4
审美,4
强烈推荐,4
内部,4
全篇,4
难以忘怀,4
支撑,4
莫名,4
大致,4
懂事,4
play,4
越做越,4
今晚,4
敬畏,4
猜测,4
感染力,4
甜蜜,4
接下来,4
来源于,4
戛然而止,4
申冤,4
horror,4
故事性,4
融合,4
身体,4
凄美,4
增加,4
成年人,4
婚姻,4
支线,4
连贯,4
飞出,4
一类,4
缺乏,4
小心,4
一代,4
身临其境,4
优质,4
是从,4
联系,4
脊背,4
命案,4
公开,4
破除迷信,4
年龄,3
篇幅,3
必要,3
释放,3
发光,3
操作性,3
罪孽,3
操控,3
伸出,3
专注,3
始末,3
故意,3
阳间,3
放入,3
守护,3
生长,3
湿透,3
衣裳,3
问雨,3
是我太,3
拿捏,3
按键,3
四口,3
问风,3
主动,3
喜食,3
业障,3
托着,3
候鸟,3
恐怕,3
without,3
表达方式,3
体制,3
几次,3
一周,3
二人,3
虚妄,3
生理,3
children,3
田何,3
离不开,3
丧事,3
纸钱,3
感知,3
好事,3
特意,3
骨头,3
一点儿,3
装神弄鬼,3
流泪,3
落烬,3
伸以,3
its,3
开口,3
抽出,3
就此,3
缺席,3
激动,3
忍住,3
尴尬,3
第二,3
难能可贵,3
平静,3
有个,3
吸髓,3
需求,3
区别,3
施以,3
认知,3
逃不出,3
第三,3
无间,3
灭口,3
权势,3
with,3
对外,3
往井里,3
听闻,3
迅速,3
童话,3
谓之,3
想着,3
his,3
山外,3
之恶,3
一封,3
罕有,3
得知,3
良心,3
长期,3
神像,3
still,3
无能,3
去过,3
山城,3
岁月,3
竟然,3
手柄,3
奔赴,3
who,3
行动,3
多种,3
运用,3
消除,3
荒诞,3
赞美,3
借用,3
推敲,3
干脆,3
阴郁,3
上架,3
横版,3
广大,3
缩影,3
表明,3
回想,3
二次,3
有点像,3
大宅,3
大案,3
回答,3
谈不上,3
人设,3
归家,3
混乱,3
如释重负,3
打发,3
童趣,3
表里,3
互动性,3
doge,3
撕掉,3
小孩子,3
门口,3
壁灯,3
要来,3
现场,3
祝愿,3
重点,3
翅膀,3
大胆,3
吸引力,3
上线,3
渗人,3
开发,3
平淡,3
聊聊,3
重现,3
迎来,3
一群,3
晚饭,3
去年,3
易逝,3
智商,3
最初,3
虚构,3
认可,3
太过,3
偏僻,3
下一代,3
昏迷,3
苦手,3
释怀,3
两章,3
脑子,3
叙事性,3
不长,3
时期,3
生硬,3
眼前一亮,3
一批,3
可悲,3
方向键,3
建模,3
可恨,3
恶毒,3
镜子,3
撕开,3
例子,3
热情,3
频繁,3
楚辞,3
魂魄,3
女孩,3
不大,3
电池,3
作祟,3
无所谓,3
价值观,3
续作,3
凄惨,3
开篇,3
被迫,3
无能为力,3
多数,3
大字,3
概率,3
理洵,3
色调,3
公示,3
火车,3
主编,3
闪耀,3
伸张正义,3
说些,3
怪物,3
产业链,3
典型,3
点睛之笔,3
开局,3
买卖,3
压迫感,3
刑警,3
该死,3
胆小鬼,3
不及,3
旧社会,3
杀死,3
欣赏,3
保证,3
第一款,3
遥远,3
叠嶂,3
亲生父母,3
政治,3
尘埃,3
thinking,3
前方,3
no,3
文字游戏,3
至极,3
众人,3
were,3
理应,3
know,3
绳之以法,3
和谐,3
搭配,3
生来,3
立刻,3
对抗,3
破灭,3
排斥,3
理论,3
可贵,3
划分,3
谁又能,3
吐槽,3
现实生活,3
保持,3
掌握,3
扼杀,3
研究,3
互相,3
地点,3
安慰,3
既定,3
自小,3
致命,3
讲得,3
当玩到,3
缓解,3
反倒,3
恐怖感,3
穷山恶水,3
畸形,3
耀眼,3
漩涡,3
做法,3
最为,3
嫁衣,3
蝌蚪,3
赤诚,3
新意,3
总共,3
nb,3
残酷,3
牵引,3
火光,3
目标,3
满地,3
一声,3
不乏,3
总有一天,3
超市,3
雨伞,3
离去,3
第二次,3
衔接,3
话语权,3
夏天,3
星光,3
超过,3
土方,3
车站,3
汇聚,3
撞死,3
天天,3
遇见,3
途中,3
穿越,3
公布,3
借鉴,3
献身,3
审视,3
深沉,3
奔跑,3
渡轮,3
无数个,3
前奏,3
路上,3
光亮,3
现代,3
一簇,3
尽力,3
意味,3
看得出来,3
终生,3
一方,3
点明,3
诗意,3
证明,3
通篇,3
讨厌,3
近几年,3
童真,3
凭着,3
一次次,3
太阳,3
金盆洗手,3
子弟,3
回音,3
疑点,3
润物无声,3
远去,3
光环,3
先生,3
忘却,3
毒杀,3
不可多得,3
同类,3
大约,3
报道,3
封闭,3
一道,3
百态,3
完后,3
破解,3
推理小说,3
公义,3
破坏,3
最棒,3
第四章,3
铭记,3
撑起,3
品级,3
这篇,3
靠着,3
亲历,3
始于,3
精致,3
遗忘,3
故乡,3
严重,3
提高,3
单线,3
寻觅,3
道理,3
汗毛,3
听说,3
风景,3
远处,3
权力,3
反映,3
笑话,3
曾言,3
人贩子,3
惟有,3
新手,3
挺不错,3
干干净净,3
平面,3
不多,3
火苗,3
燃起,3
叹惋,3
反感,3
疑惑,3
可取,3
罪责,3
普通人,3
一颗颗,3
朴素,3
异常,3
洗刷,3
更大,3
自私,3
思绪,3
信件,3
讨回公道,3
羽毛,3
闪耀着,3
儿女,3
花灯,3
不久,3
闪亮,3
忽略,3
案情,3
时隔,3
刚出,3
水准,3
小品,3
众多,3
刘小娟,3
戏剧,3
今后,3
怪诞,3
很多年,3
破碎,3
指向,3
传闻,3
随意,3
程序,3
捆绑,3
既有,3
悲情,3
翱翔,3
表皮,3
犹如,3
特有,3
极佳,3
正式,3
民俗文化,3
看个,3
身后,3
纸船,3
不论是,3
神经,3
思索,3
好多,3
缘由,3
略有,3
浑身,3
毫不,3
诗集,3
板书,3
大山深处,3
电话线,3
手动,3
npc,3
构成,3
安心,3
写成,3
激情,3
天马行空,3
个体,3
历史,3
飞在,3
好感,3
上身,3
张力,3
局外人,3
最让人,3
更让人,3
辽阔,3
超越,3
对此,3
这才,3
偏向,3
条件,3
从头,3
国外,3
迷路,3
堪称,3
问过,3
正确,3
旁边,3
无非,3
人世,3
请神,3
老鼠药,3
日式,3
飞往,3
太大,3
念头,3
好意,3
治疗,3
无心,3
难逃,3
一座座,3
期间,3
流露,3
魔法,3
那颗,3
公道,3
明说,3
世人,3
许许多多,3
伤感,3
变为,3
实录,3
感慨万千,3
人能,3
不失为,3
山间,3
出生,3
别出心裁,3
时所,3
观者,3
忧伤,3
铡刀,3
突出,3
芮欣,3
多次,3
学习,3
未知,3
猜出来,3
返校,3
那位,3
反馈,3
舒适,3
奉献精神,3
裙子,3
进步,3
参考,3
中林理洵,3
还魂,3
外表,3
潸然泪下,3
互联网,3
记录,3
人为,3
那张,3
暴力,3
期盼,3
增添,3
两次,3
养育,3
坐在,3
留恋,3
彻头彻尾,3
confusing,3
追寻,3
醒悟,3
天上,3
光影,3
紧密,3
意料之外,3
情理之中,3
埋入,3
不亚于,3
适中,3
之喜,3
殆尽,3
发达,3
缺少,3
死人债,3
句号,3
本该,3
控诉,3
能带,3
大大降低,3
颜色,3
下场,3
几句,3
漂亮,3
山峦,3
一堆,3
xx,3
鲜花,3
骂名,3
观看,3
不曾,3
一点一点,3
短短,3
这点,3
总能,3
八个,3
手中,3
心底,3
瑕不掩瑜,3
三人,3
全貌,3
物件,3
灵堂,3
团队,3
调查过程,3
接到,3
同伙,3
脑海,3
满满的,3
争取,3
循环,3
数字,3
一瓢,3
第二部,3
六小时,3
成绩,3
以此,3
完散,3
人来,3
感悟,3
整部,3
冷清,3
小学,3
线路,3
最能,3
出奇,3
腐朽,3
羽翼,3
华容道,3
层面,3
真相大白,3
players,3
高兴,3
罚抄,3
十足,3
可圈可点,3
亚瑟,3
及时,3
you,3
到手,3
鲜血,3
警员,3
小星星,3
性价比,3
爸妈,3
爱上,3
文案,3
oo,3
阐释,3
为母,3
课本,3
继承,3
疑似,3
天赋,3
以下内容,3
票价,3
重男轻女,3
种下,3
沉沦,3
辞去,3
哇哇,3
伤心,3
出走,3
责任,3
值得一提的是,3
拥抱,3
懵懂,3
保守,3
播放,3
功底,3
谨慎,3
大于,3
蒙昧,3
移动,3
挽回,3
二维,3
头顶,3
高质量,3
公交车,3
完善,3
鬼故事,3
引起,3
展示,3
歌曲,3
和芳芳,3
逆来顺受,3
烈火,3
崇高,3
不止,3
县城,3
清白,3
收尾,3
故园,3
可叹,3
神中神,3
plot,3
说好,3
根深蒂固,3
心灵深处,3
长相依,3
an,3
换取,3
艺术性,3
激发,3
烧脑,3
cp,3
同事,3
那口,3
整片,3
度过,3
种子,3
映入眼帘,3
经常,3
打断,3
怀着,3
带有,3
逃脱,3
芭蕉,3
仍会,3
误解,3
祸害,3
快速,3
雕琢,3
囚笼,3
like,3
大作,3
古人,3
小林,3
对立,3
舍弃,3
救命稻草,3
引人深思,3
前半部,3
文章,2
收藏夹,2
绝不,2
惨死,2
冤案,2
师妹,2
自尽,2
呼唤,2
贫困,2
掩盖,2
出谋划策,2
暗喻,2
写不出,2
推测,2
hard,2
包揽,2
反复强调,2
之美,2
精品,2
确信,2
明晰,2
因公殉职,2
流传,2
窗前,2
词汇,2
迟迟,2
彼岸,2
表述,2
两天,2
代价,2
改变命运,2
相应,2
有形,2
想念,2
走私案,2
深入人心,2
执念,2
算命,2
货真价实,2
种种原因,2
丢下,2
浓重,2
初心,2
美式,2
山穗落,2
褪去,2
战斗,2
口味,2
命中,2
牵绊,2
多为,2
真理,2
差异,2
身为,2
曲子,2
绳当,2
点缀着,2
交集,2
熊熊烈火,2
舍友,2
played,2
灵气,2
农历,2
别有,2
集中,2
心跳,2
叶禁于,2
多块,2
浩渺,2
重见,2
胜过,2
笼困,2
单线程,2
大夫,2
无意间,2
大年初一,2
那口井,2
黎明,2
商业化,2
顽固,2
报纸,2
不快,2
写出,2
云层,2
近似,2
烧毁,2
弘一法师,2
一幕,2
我意,2
只愿,2
饱含,2
乡下,2
恰如,2
柔弱,2
湖边,2
骑士,2
熄灭,2
越来越少,2
明镜,2
剥削,2
回忆起,2
毕业,2
今日,2
徐徐,2
even,2
满是,2
挺好玩,2
姑娘,2
去向,2
河在,2
说谎,2
车祸,2
翻来覆去,2
依稀,2
不合时宜,2
非常适合,2
小卖,2
实属,2
爱吃鱼,2
关亡,2
水里,2
义无反顾,2
谢谢你们,2
紧张,2
走路,2
血脉,2
殡葬,2
初体验,2
好刀,2
心来,2
小孩,2
文学,2
在乎,2
关闭,2
虚荣,2
看不见,2
儿媳妇,2
打点,2
归罪于,2
黯淡,2
开开心心,2
开端,2
用尽,2
拍电影,2
小白,2
毕生,2
至关重要,2
发自内心,2
动力,2
中后期,2
通灵之,2
之地,2
新来,2
驱使,2
幼儿,2
东西南北,2
盗掘,2
来后,2
不已,2
聚伙,2
时才,2
以身试险,2
投毒案,2
名称,2
直面,2
缓缓,2
未留下,2
之事,2
质询,2
井边,2
琢磨,2
不下,2
外皮,2
三方,2
之花,2
五位,2
可怖,2
死死,2
能为,2
第五,2
死前,2
从刚,2
抉择,2
王老板,2
定论,2
鲁迅,2
聚拢,2
轮回,2
走个,2
闪光点,2
保佑,2
归来,2
个性化,2
最是,2
千古,2
影射,2
向善,2
凑巧,2
惺惺相惜,2
窗口,2
宗教,2
紧绷,2
祖辈,2
不谈,2
除去,2
因果,2
小芳,2
大颗,2
改改,2
升起,2
强化,2
爆发,2
引擎,2
不停,2
进展,2
有病,2
夸张,2
受伤害,2
可谓,2
本文,2
承载,2
明线,2
愿叶,2
一千个,2
心理学,2
观察,2
残页,2
妇女,2
青春,2
违法,2
侦探,2
全款,2
老头,2
野兽,2
叫做,2
童声版,2
句子,2
猛烈,2
催泪弹,2
略显,2
身在,2
看重,2
增强,2
网游,2
豁然开朗,2
内涵,2
丑陋,2
飞向,2
却没能,2
寻常,2
干着,2
变卖,2
切入,2
放灯,2
物质,2
桥梁,2
自作自受,2
惨绝人寰,2
弱小,2
某种,2
乖巧,2
吓哭,2
投放,2
几秒,2
反封建,2
狭隘,2
group,2
宿舍,2
伤口,2
有效,2
莫名其妙,2
地下,2
地球,2
引出,2
美景,2
倒叙,2
曲折离奇,2
呕吐,2
包裹,2
真善美,2
维持,2
上吊自杀,2
帮小娟,2
逝去,2
李老师,2
柳树下,2
自家人,2
外婆,2
发觉,2
继续前进,2
巧心,2
外来者,2
篝火,2
视为,2
想带,2
中芳芳,2
生死,2
地去,2
厌恶,2
家里人,2
逃避,2
诚心,2
服用,2
思乡,2
异乡,2
最美,2
相隔,2
think,2
少年,2
兄弟,2
跳出,2
可行,2
细致,2
山里人,2
玩得,2
设想,2
队伍,2
遭到,2
反讽,2
看待,2
我整,2
人怕,2
井上,2
扎实,2
人格魅力,2
填坑,2
xdm,2
不足以,2
主题曲,2
防止,2
两段,2
全面,2
准确,2
水彩,2
白日,2
双翼,2
粘稠,2
坚信不疑,2
游戏音乐,2
目光,2
坟头,2
在内,2
允许,2
不怎么样,2
开放,2
思维,2
涵盖,2
买药,2
放进,2
游轮,2
钢琴师,2
大人,2
樊笼,2
反胃,2
割裂,2
手游,2
照应,2
那场,2
关掉,2
锁住,2
紧紧,2
海上,2
后代,2
暂停,2
低下,2
华丽,2
不能忘怀,2
这比,2
主人,2
折服,2
女主人,2
波折,2
遗言,2
家底,2
养成,2
浓厚,2
打通关,2
拷问,2
卫生所,2
救人,2
一想,2
专制,2
逃出来,2
电子,2
政权,2
领导人,2
多多少少,2
塑造成,2
显然,2
自杀身亡,2
另一边,2
权利,2
奇才,2
练习,2
常有,2
抽烟,2
只身一人,2
报复,2
拐卖妇女,2
前些年,2
婚房,2
抒发,2
上次,2
报以,2
灾难,2
让步,2
冰冷,2
浅薄,2
男主林理洵,2
囿于,2
群组,2
一瞬,2
故该,2
爆炸,2
话题,2
折骨,2
切实,2
一意孤行,2
乐观,2
盗窃,2
部门,2
恶疾,2
银行,2
资源,2
荣则,2
指责,2
干净,2
试一下,2
洁白,2
dashan,2
无助,2
满屏,2
就让,2
奇幻,2
妖魔,2
神佛,2
过重,2
从始至终,2
提起,2
无法形容,2
收到,2
担忧,2
实乃,2
就行,2
指数,2
留存,2
在我心中,2
长夜难明,2
创新,2
打磨,2
二字,2
诱导,2
范畴,2
魍魉,2
采取,2
黄泉,2
中规中矩,2
错误,2
仅仅只是,2
逃不开,2
暖心,2
厚重,2
距离,2
忐忑,2
下葬,2
一宗,2
风土人情,2
公园,2
选中,2
太低,2
太短,2
随便,2
委屈,2
跳进去,2
要死,2
证人,2
要命,2
陷阱,2
班主任,2
到来,2
归于,2
初中,2
别抄,2
早点,2
癫狂,2
回家吧,2
试玩,2
停留,2
结案,2
布局,2
不能平静,2
不值钱,2
天真无邪,2
上爬,2
伪装成,2
村里人,2
真凶,2
自欺欺人,2
深信不疑,2
猜想,2
既然如此,2
正直,2
宇宙,2
麻雀,2
独自,2
前行,2
感性,2
没填,2
讲好,2
牵连,2
效率,2
所害,2
短小,2
元宝,2
深陷,2
水井,2
认定,2
火爆,2
有如,2
热潮,2
少有,2
闪闪,2
自井中,2
出方能,2
接连,2
第二章,2
机关,2
详细,2
弱智,2
浮现,2
取舍,2
贫穷,2
装作,2
源头,2
平静下来,2
装饰,2
奇怪,2
强大,2
之作,2
意见,2
去往,2
速度,2
引入,2
小型,2
主导,2
做好,2
汹涌,2
虚实,2
神州大地,2
荒谬,2
赶紧,2
结尾曲,2
很久没,2
吓死,2
骨子里,2
迷失方向,2
顺滑,2
人群,2
烙印,2
观感,2
背影,2
一事,2
到达,2
照相馆,2
起到,2
猪头,2
callback,2
浅显,2
理所当然,2
深刻思想,2
老两口,2
such,2
大伙,2
全都,2
天才,2
撕下,2
物体,2
三维,2
感激,2
称为,2
rich,2
tomb,2
robbery,2
胜有声,2
发挥,2
还原,2
太久,2
财产,2
预定,2
先是,2
懒得,2
一声声,2
半夜,2
human,2
吃亏,2
春节,2
回响,2
turns,2
生化危机,2
再也不会,2
说芳芳,2
有芳芳,2
笔记本,2
意蕴,2
交互性,2
gods,2
enough,2
teacher,2
throw,2
child,2
words,2
become,2
clear,2
also,2
carrier,2
about,2
beautiful,2
does,2
movies,2
poison,2
family,2
experience,2
近期,2
pictures,2
old,2
addition,2
art,2
忘掉,2
变幻,2
简洁,2
story,2
室友,2
普普通通,2
编排,2
进度,2
一件件,2
估计,2
用错,2
那条,2
揭露出,2
沉入,2
歧视,2
短视,2
受伤,2
真实世界,2
花费,2
恰恰,2
更重,2
学姐,2
灯笼,2
必有,2
天意,2
场面,2
正式版,2
小伙伴,2
悲剧性,2
沦为,2
精神病,2
安宁,2
处境,2
归去,2
关键人物,2
人生道路,2
交给,2
编剧,2
查出,2
帅哥,2
药撒进,2
订下,2
痛恨,2
充满希望,2
组织,2
一堆堆,2
高歌,2
伸张,2
放不下,2
微乎其微,2
撼动,2
稀奇,2
邪恶,2
稍稍,2
掀起,2
多大,2
百感交集,2
无名,2
恰如其分,2
脱离苦海,2
栩栩如生,2
在生活中,2
中愿,2
助其,2
叶敬,2
寡妇,2
晦气,2
萦绕,2
地玩,2
亿年,2
几万,2
大声,2
概括,2
太难,2
吓唬,2
态度,2
上任,2
正义感,2
不用说,2
颇具,2
总时长,2
不应,2
闪烁,2
索命,2
无意,2
医院,2
一连串,2
实现,2
睡一觉,2
world,2
婆媳关系,2
不在乎,2
这墙,2
谜底,2
心扉,2
一处,2
落幕,2
而出,2
不合理,2
戏码,2
上演,2
来路,2
弥漫,2
泪人,2
见鬼,2
略微,2
论点,2
玻璃窗,2
祖坟,2
猛男,2
怀中,2
片刻,2
别样,2
曲直,2
悬疑剧,2
盗卖,2
时会,2
领域,2
户主,2
眼看,2
偷懒,2
先说,2
受人,2
经文,2
诡谲,2
重重,2
换个,2
连贯性,2
为伴,2
跟随,2
简练,2
叠加,2
诚意,2
据说,2
夜里,2
八字,2
病态,2
偷偷,2
恶鬼,2
不香,2
对芳芳,2
陌生人,2
数千年,2
稍加,2
过人,2
懦弱,2
登上,2
列车,2
闲言碎语,2
是非,2
眼角,2
补充,2
包围,2
敬意,2
突如其来,2
耗费,2
偶然,2
招来,2
贴墙,2
主打,2
伦理,2
一波,2
冠以,2
太高,2
因素,2
逃走,2
坏事,2
起风,2
废话,2
技术,2
明子,2
弥补,2
理智,2
肉眼,2
公告栏,2
注意安全,2
分不清,2
行走,2
回首,2
讣告,2
花小娟,2
诗歌,2
魂归,2
一下一下,2
魏仲延,2
举报,2
扁平,2
发出,2
虚伪,2
墙头,2
侮辱,2
无关紧要,2
连接,2
亏心事,2
安息,2
成田,2
活动,2
越陷越深,2
沉痛,2
泪水,2
家庭环境,2
非线性,2
哭泣,2
读书会,2
美术设计,2
大人物,2
底层,2
那首,2
我刚,2
特定,2
巅峰,2
大城市,2
算作,2
不值,2
情形,2
莫须有,2
谣言,2
张明辉,2
添加,2
收音机,2
一切都是,2
无所事事,2
人则,2
家属院,2
改变现状,2
西部,2
志愿者,2
虚无,2
铁饭碗,2
彷徨,2
下起,2
邻居,2
散人,2
白痴,2
主意,2
中途,2
沙子,2
得益于,2
普及,2
打死,2
考公,2
一个月,2
不由,2
陌生,2
内里,2
小小,2
压得,2
盲山,2
早上,2
这趟,2
案例,2
其间,2
原先,2
改革开放,2
突兀,2
主见,2
不得好死,2
意识流,2
大蠊,2
神奇,2
造就,2
scary,2
深受,2
惧怕,2
典范,2
动机,2
势力,2
争论,2
尘封已久,2
时代背景,2
库存,2
局限,2
工人,2
碍于,2
报警,2
下载,2
界面,2
生于,2
ui,2
明月,2
真真假假,2
忍辱负重,2
点击,2
正常人,2
至亲,2
美感,2
搞懂,2
填补,2
一时间,2
得当,2
协调,2
犹豫,2
类别,2
港片,2
厉鬼,2
困惑,2
表情,2
纪录片,2
众生,2
牺牲品,2
削弱,2
波澜,2
景象,2
杀人灭口,2
醒来,2
鞭炮,2
火药,2
汽车,2
悼念,2
天涯,2
举个,2
手段,2
沦落人,2
构建,2
狭小,2
步行,2
账号,2
堆砌,2
严谨,2
觉悟,2
城里,2
好作,2
本事,2
合唱,2
台湾,2
趋向,2
无力感,2
传统意义,2
低头,2
芸芸众生,2
洪流,2
目送,2
消逝,2
孤魂野鬼,2
新闻,2
捣毁,2
团体,2
粗暴,2
功夫,2
行径,2
祭奠,2
半小时,2
笔下,2
男女,2
青年,2
远走高飞,2
铁链,2
之上,2
终古,2
地位,2
办成,2
第十五,2
起伏,2
方便,2
出品,2
狠狠,2
落得,2
肉身,2
读书,2
认认真真,2
无新事,2
之内,2
一整片,2
围城,2
全靠,2
第三章,2
炸开,2
外壳,2
火力,2
提前,2
受限于,2
在线,2
停不下来,2
三四个,2
单机,2
一抹,2
恰好,2
自带,2
所愿,2
哭哭,2
超级,2
新年快乐,2
发呆,2
易懂,2
停下,2
美学,2
一件,2
借助,2
荣光,2
镜头,2
时至今日,2
意想不到,2
疑团,2
庞大,2
质朴,2
穿透,2
加成,2
讲完,2
绝佳,2
六七,2
平衡,2
女生,2
适应,2
people,2
hearts,2
读诗,2
ghost,2
摄影,2
出些,2
本体,2
外地,2
那会,2
爱玩,2
抹杀,2
鲜活,2
单论,2
词曲,2
脱颖而出,2
灌输,2
作出,2
高于,2
旧时代,2
脉络,2
那颗星,2
只得,2
lj,2
看不清,2
听话,2
藏不住,2
麻木,2
无剧,2
残党,2
人人,2
在意,2
大体,2
不惜一切,2
退回,2
一盏盏,2
穿插着,2
重逢,2
内心深处,2
追随,2
随之,2
不出,2
从头到尾,2
着想,2
配角,2
灿若,2
一心,2
网友,2
单一,2
二十年,2
解救,2
行当,2
推完,2
妄想,2
标准,2
跌落,2
眼界,2
笃信,2
山林,2
追赶,2
情爱,2
探讨,2
互动式,2
令人窒息,2
地说,2
每章,2
剥开,2
成见,2
语无伦次,2
市场,2
思路,2
刑侦,2
收集,2
纪念,2
好处,2
摇动,2
鬼力,2
有朝一日,2
冰凉,2
看不懂,2
迷途,2
带领,2
取代,2
挖掘出,2
赘述,2
太赞,2
脚步,2
好听,2
无法挽回,2
结论,2
宣布,2
投林星,2
相互交织,2
直击,2
地想,2
透露,2
遗体,2
之名,2
表层,2
乱神,2
居民,2
鸟笼,2
胆量,2
年幼,2
尚未,2
新生,2
提了,2
拿来,2
放大镜,2
淡淡,2
骗子,2
qwq,2
星火燎原,2
促成,2
倒霉,2
哥们,2
唱出,2
as,2
老婆,2
所困,2
水到渠成,2
信封,2
关怀,2
初入,2
家破人亡,2
女鬼,2
误会,2
埋藏,2
追究,2
心目,2
远超,2
依旧会,2
冥冥之中,2
之心,2
扼腕,2
涂鸦,2
重归,2
知名,2
自圆其说,2
往日,2
盗取,2
无处,2
局促,2
借口,2
脑海中,2
为之动容,2
行业,2
生机,2
衬托,2
主任,2
这首,2
漫漫,2
坚守,2
迷惘,2
断绝,2
攀去,2
插叙,2
身世,2
永别,2
盗窃案,2
也就是说,2
含义,2
关联,2
瑕疵,2
入木三分,2
笼中之鸟,2
极强,2
警车,2
黑夜,2
多久,2
钟头,2
迷题,2
潜入,2
温和,2
轻松,2
脑子里,2
式微,2
静静,2
摧毁,2
清新,2
演绎,2
小而精,2
僵硬,2
鬼影,2
求助,2
第一种,2
人文,2
远比,2
天灵盖,2
情怀,2
将要,2
枯燥,2
充分发挥,2
头皮发麻,2
私心,2
只想,2
沉甸甸,2
拼凑,2
无可挑剔,2
史低,2
书籍,2
怀旧,2
sb,2
当做,2
西方,2
很值,2
确确实实,2
有没有,2
释然,2
轻轻,2
良好,2
中是,2
如林,2
云雾,2
心酸,2
背包,2
精良,2
tragedy,2
difficult,2
deep,2
流淌,2
组合,2
娓娓道来,2
冒险游戏,2
炸裂,2
当成,2
寻求,2
志怪,2
极富,2
电脑前,2
出路,2
误导,2
卸载,2
怪异,2
出逃,2
替死,2
because,2
坚韧,2
太神,2
没死,2
相当于,2
女子,2
锁链,2
解锁,2
小人,2
点数,2
园丁,2
后悔,2
稻草,2
名单,2
痛失,2
出手,2
信仰者,2
轻易,2
灵车,2
干货,2
热爱,2
之情,2
浪费,2
sad,2
优先,2
天生,2
一秒,2
叔叔,2
名利,2
流畅地,2
不可思议,2
来不及,2
热泪盈眶,2
一是,2
after,2
动脑,2
二是,2
警醒,2
轮渡,2
不爱,2
幸而,2
发表,2
落入,2
归结到,2
送给,2
对不起,2
不行,2
美好生活,2
烂漫,2
物超所值,2
童心,2
为数不多,2
一小,2
面子,2
几位,2
一看,2
不深,2
不久前,2
宝宝,2
显出,2
恐惧感,2
谐音,2
坚持原则,2
驱不散,2
反思,2
除夕,2
河里,2
一般般,2
定位,2
框架,2
推上,2
人去,2
完成度,2
抬头,2
谜团,2
出井,2
恶行,2
很妙,2
点个,2
耐人寻味,2
擅长,2
普遍,2
冲出,2
没玩过,2
说不出,2
黑白,2
不平,2
畅快,2
奇特,2
必玩,2
一作,2
平时,2
震惊,2
各种各样,2
绕不开,2
功能,2
凶杀案,2
发人深省,2
满满,2
残留,2
幻境,2
照耀,2
截然不同,2
作业,2
白骨,2
收养,2
山区,2
水落石出,2
怀有,2
专属,2
几分钟,2
第七章,2
夺目,2
残躯,2
下次,2
回归,2
来世,2
达成,2
日渐,2
摸金,2
纠纷,2
身陷囹圄,2
许多种,2
该是,2
自然而然,2
直观,2
惆怅,2
感人至深,2
赏心悦目,2
歌颂,2
古往今来,2
天使,2
敏锐,2
只余,2
他俩,2
当之无愧,2
巧思,2
强加,2
存档,2
绳人,2
伸出手,2
倾尽全力,2
帮叶,2
这条线,2
降落,2
这口,2
不信,2
看法,2
两种,2
只为,2
tat,2
那份,2
单单是,2
供养,2
不如说,2
照镜子,2
千丝万缕,2
真情,2
芳名,2
万事,2
高出,2
重演,2
叹为观止,2
青穗见,2
人而活,2
tm,2
水墨画,2
姓名,2
悲观,2
再来,2
苍凉,2
人有,2
时常,2
能玩到,2
认同感,2
彼此之间,2
恐游,2
相辅相成,2
用品,2
分给,2
稍显,2
罪犯,2
案为,2
自已,2
过大,2
阳光,2
紧扣,2
归属,2
滋生,2
挺棒,2
民间,2
很久,2
哈哈哈哈,2
深层次,2
长度,2
推出,2
老登,2
而成,2
不顾一切,2
dna,2
双手,2
好人,2
recommend,2
漏洞,2
内向,2
文艺作品,2
内心世界,2
下落,2
浩瀚,2
水墨,2
碰撞,2
根植,2
眼熟,2
最佳,2
直白,2
可有可无,2
远大,2
崛起,2
空落落,2
教会,2
满意,2
一绝,2
密码,2
不足之处,2
前途,2
感言,2
逐利,2
继黑森,2
make,2
敬山敬山,2
柜子,2
宝贵,2
浴室,2
送走,2
粉笔,2
素质,2
面纱,2
叫座,2
细品,2
买单,2
出戏,2
无一,2
一响,2
奶茶,2
闲聊,2
无敌,2
吓一跳,2
面面俱到,2
起初,2
发愁,2
比例,2
获取,2
边玩,2
路线,2
现今,2
符号,2
跟风,2
碰到,2
嘶吼,2
做成,2
拍成电影,2
旗号,2
来得及,2
蓦然回首,2
廉价,2
美工,2
停下来,2
后背,2
愚蠢,2
精心,2
已有,2
轻量级,2
红光,2
一流,2
井下,2
真没想到,2
高估,2
qaq,2
相较,2
透着,2
乱跑,2
赞扬,2
悄悄,1
力推,1
孤木,1
不为人知,1
差距,1
城乡,1
难支,1
欢喜,1
官场,1
外核,1
铭心,1
已成,1
刻骨,1
决疣,1
批评,1
难以解决,1
流言蜚语,1
下齿,1
红伞,1
台上,1
数学,1
一摊,1
灰色,1
那光,1
内敛,1
分镜,1
关键点,1
九宫格,1
刻骨铭心,1
蜷缩,1
贪腐,1
负负得正,1
入肚,1
笔墨,1
运算,1
程式设计,1
和旭子,1
when,1
顶级,1
背脊,1
希冀,1
微微,1
毫无价值,1
检举,1
入口,1
斩首,1
only,1
脍若,1
琐事,1
夜不能寐,1
凌晨,1
讥讽,1
热爱生活,1
十小时,1
会有,1
光彩,1
污秽,1
蓄意谋杀,1
华人,1
共识,1
殒命,1
克制,1
虚假,1
阿飘,1
委托,1
大吉,1
心得,1
镇政府,1
拿走,1
虎年,1
发布,1
客船,1
新年,1
卜告,1
愿来,1
追悼会,1
生敬山,1
两岁半,1
惊觉,1
这段话,1
call,1
会起,1
未解,1
字幕,1
死寂,1
来换,1
数百,1
炸起来,1
到林,1
弱不禁风,1
冗长,1
为芳芳,1
看好,1
坚持不懈,1
求神,1
拜佛,1
尽全力,1
初恋,1
白裙,1
流着泪,1
雕刻,1
惊魂,1
黑发,1
噩梦,1
爱是,1
成就感,1
搭上,1
警校,1
催命,1
逃过一劫,1
波澜不惊,1
合作方,1
嘲弄,1
狼璃子,1
无踪,1
静谧,1
不切实际,1
展望,1
涉险,1
两三,1
朦胧,1
起承转合,1
轻度,1
奇谈,1
呜田芳芳,1
暮色,1
受体,1
简易,1
群星,1
梦醒,1
绽开,1
会念,1
人压,1
信息时代,1
黑黢黢,1
墓碑,1
长眠,1
繁星点点,1
精心设计,1
玩腻,1
之谜,1
皎洁,1
长篇大论,1
取胜,1
出好,1
会输,1
一番滋味,1
这起,1
精湛,1
重拾,1
校园,1
良品,1
童年阴影,1
大年夜,1
选材,1
借着,1
沉浸于,1
周遭,1
塑造出,1
陪我玩,1
法则,1
没送,1
available,1
赔钱,1
痛哭,1
掩面,1
阳台,1
而田向,1
烧香拜佛,1
整日,1
性情大变,1
告终,1
以叶敬山,1
结识,1
整件事,1
thanks,1
早早,1
多行不义,1
一票,1
挺而走险,1
积蓄,1
见底,1
乖僻,1
有过,1
公话,1
侮时,1
但芳芳,1
逗夏芳芳,1
新语文,1
说说话,1
之口,1
每周,1
自此,1
戒备,1
不后,1
详尽,1
不怪,1
口吻,1
曾以,1
信任,1
使何,1
守口如瓶,1
一向,1
见面,1
大奖,1
比较清楚,1
突破口,1
赃物,1
忌惮,1
自里,1
不在意,1
没人能,1
该作,1
大户人家,1
积累,1
转卖,1
窥探,1
时田向荣,1
斗田向,1
下墓,1
伙同,1
结交,1
赚钱,1
银行职员,1
平息,1
轻则,1
me,1
出钱,1
起色,1
子弹,1
状况,1
改为,1
托人,1
评当,1
刨空,1
消费,1
目睹,1
积习难改,1
积攒,1
修筑,1
生意,1
直触,1
兴旺,1
两只,1
风头,1
诞下,1
奢华,1
全镇,1
以芳芳,1
岳父,1
mandarin,1
古都,1
国宝,1
传言,1
一节,1
神树,1
秦岭,1
一书,1
笔记,1
帝王将相,1
十三,1
近些年,1
名城,1
西安,1
呻吟,1
保护伞,1
屡禁不止,1
深恶痛绝,1
贩卖人口,1
陈当,1
流失,1
十分重视,1
妇女儿童,1
苦痛,1
安然,1
附庸,1
崇拜,1
伟光,1
哈姆雷特,1
加身,1
拉回来,1
各有,1
法治,1
补救,1
边远,1
稳固,1
长治久安,1
欣慰,1
加大,1
亟需,1
一大批,1
挽救,1
时能,1
蕴含着,1
岳母,1
点作,1
后田向荣,1
似幻,1
寄出,1
割舍,1
质疑,1
曝光,1
关系网,1
抖出来,1
发作,1
数日,1
整件,1
别骗,1
奋力,1
不好意思,1
脖子,1
夹断,1
笼门,1
飞出去,1
无人,1
出资,1
看透,1
食盐,1
隐情,1
纯阴能,1
盐里,1
车内,1
引燃,1
邻里,1
意向,1
密封,1
张如梦,1
筹办,1
犯人,1
朝看,1
最坏,1
策划,1
前来,1
报案,1
金财,1
可王,1
归还,1
欠下,1
直入,1
心虚,1
一伙,1
sir,1
鬼和林,1
气到,1
语句,1
出让,1
措辞,1
深奥,1
承受不住,1
一到,1
爱憎分明,1
五分钟,1
快个,1
明示,1
白话,1
值回,1
解迷,1
大泪目,1
真人,1
会松,1
想开,1
成青穗,1
嫁入,1
我愿称,1
玩同,1
陪林,1
价钱,1
戒断,1
两三个,1
琴弦,1
迈出,1
一鼓作气,1
拨弄,1
昭示,1
易燃物,1
人林,1
来得,1
极容易,1
掏空,1
失落,1
会开,1
四颗星,1
祝贺,1
边共,1
处刑,1
其余部分,1
曲响,1
脚本,1
过时,1
备着,1
女友,1
外卖,1
猜得出,1
删改,1
others,1
great,1
mood,1
makes,1
solve,1
屏边,1
crazily,1
puzzle,1
解决办法,1
画蛇添足,1
逃避现实,1
可到,1
显著,1
愈发,1
地理,1
震慑,1
内外,1
血亏,1
便宜,1
绝杀,1
平平,1
提一嘴,1
出货,1
韭菜,1
过桥,1
手艺,1
弹丸,1
说得上,1
仅个,1
论破,1
画布,1
预料,1
预测,1
淡忘,1
落成,1
杂糅,1
老子,1
勾勒,1
全线,1
用心良苦,1
富有诗意,1
朴实无华,1
唤起,1
后能,1
客服,1
地被,1
措手不及,1
人名,1
新增,1
风情,1
超现实主义,1
连根拔起,1
尼玛,1
退款,1
嫌犯,1
选题,1
全新,1
浮躁,1
向来,1
置于,1
生离死别,1
具备,1
未成年人,1
参与感,1
免于,1
睡觉,1
哀之鉴,1
跪下,1
不安,1
安静下来,1
喜不喜欢,1
单方面,1
略带,1
不知不觉,1
冒险,1
怪谈,1
解毒剂,1
骇人,1
拖沓,1
调味剂,1
适度,1
引善魂,1
明灯,1
陌路,1
没趣,1
共叹,1
立志,1
霍姆斯,1
林生,1
透顶,1
绝绝子,1
挥之不去,1
出乎,1
青潭镇,1
一案,1
报告,1
为辅,1
苍白,1
启思,1
向剧,1
知人知面不知心,1
难塑骨,1
塑性,1
塑佛,1
萧梦霞,1
名言,1
三句,1
叫绝,1
延展,1
小山村,1
细致入微,1
征服,1
交互式,1
地来,1
辜负,1
挖坑,1
猛然,1
会以,1
人力物力,1
倒不如说,1
小巷,1
恩怨,1
情仇,1
寡欢,1
慢镜头,1
柳巷,1
全通,1
垂头丧气,1
沉疴宿疾,1
跌跌撞撞,1
重开,1
打到,1
二周目,1
拥入,1
灼热,1
冷却,1
余火,1
行快,1
奇迹,1
锈湖,1
埋进,1
沉睡,1
目前为止,1
悉数,1
荒山,1
爱子心切,1
无论如何,1
招致,1
担心,1
似真似假,1
的的确确,1
神棍,1
村镇,1
儿童教育,1
一立,1
生机勃勃,1
实话,1
路顺,1
好怕,1
充其量,1
刺透,1
利箭,1
一支,1
太值,1
呜别,1
一步之遥,1
上离,1
省事,1
过场,1
日本,1
乱象,1
疫情,1
但胜,1
事实上,1
危险物品,1
超神,1
末章,1
看一遍,1
死去活来,1
姐妹,1
远航,1
一笔,1
吸食,1
寄生虫,1
恶臭,1
tmd,1
记忆里,1
转眼间,1
一刹那,1
抽离,1
emo,1
豁达,1
一段段,1
观望,1
胆寒,1
退步,1
既视感,1
散文,1
文笔,1
名副其实,1
打光,1
哭成,1
nbwc,1
md,1
嫉妒,1
发行,1
化之者,1
风雨,1
时春,1
来个,1
黑雾,1
配合起来,1
债子偿,1
碾压,1
最火,1
看久,1
主创,1
后果,1
面临,1
无不,1
之称,1
当得起,1
过家家,1
糊里糊涂,1
大体上,1
对小白,1
已逝,1
贫困地区,1
我国,1
陈女士,1
掌控,1
麻烦,1
前先,1
老宅,1
理理,1
女主角,1
提现,1
宽慰,1
一星,1
但用,1
心上人,1
女主而方,1
疏远,1
最天,1
嗓音,1
升温,1
孤傲,1
知书达理,1
不合,1
女主方,1
会人,1
略凉,1
戒严,1
民国,1
愁眉苦脸,1
不懂事,1
田芳芳少,1
重回,1
以图,1
不惜牺牲,1
浅聊,1
太多谈,1
旧思想,1
堆成,1
从井里,1
团团,1
十五层,1
簇簇,1
大地,1
而活,1
平凡人,1
代父,1
鬼山,1
一刹,1
显现出来,1
得出,1
投身于,1
毅然,1
要气,1
口吃,1
欲说还休,1
合着,1
身不由己,1
连父,1
爬上来,1
充实,1
远行,1
不受,1
明里暗里,1
渗透到,1
真实感,1
错人设,1
心思,1
外部环境,1
从外,1
打败,1
抗下,1
一己,1
串场,1
杂乱无章,1
看电视,1
心碎,1
金手指,1
泪如雨下,1
桌前,1
趴在,1
再也不能,1
熬过,1
最多到,1
致使,1
不经,1
洗脱,1
伪造,1
不遗余力,1
抱养,1
父爱,1
破落,1
意愿,1
前途无量,1
才学,1
倔强,1
真贵,1
提叶敬山,1
春雨,1
献出,1
一页,1
占据,1
街坊邻居,1
迎着,1
平等,1
男女平等,1
几近,1
逃亡,1
飞舞,1
身证,1
出新,1
随风飘,1
一招,1
全剧,1
滑落,1
从信,1
繁华,1
都市,1
给林,1
身形,1
沉静,1
那灯,1
猖獗一时,1
掩饰,1
鲜吃遍,1
查明真相,1
挣不脱,1
边际,1
看主播,1
蔓延到,1
标榜,1
昌平,1
世运,1
摇摆,1
于用,1
鬼迷心窍,1
愈演愈烈,1
形势,1
钱财,1
太意,1
本是,1
拼凑出,1
鬼域,1
重物,1
或多或少,1
勒住,1
那头,1
来电,1
内林,1
遇难,1
运走,1
剪掉,1
分开,1
垂到,1
巫术,1
借尸还魂,1
日夜,1
每晚,1
丧门星,1
前路,1
含辛茹苦,1
抛下,1
静下心,1
生出,1
尸骸,1
中毒,1
高放,1
肉汤,1
午饭,1
放到,1
混有,1
混进,1
毒鼠强,1
支开,1
当天,1
案发,1
幼小,1
短如,1
记在,1
浓玩到,1
不免,1
条白,1
后半,1
肃然起敬,1
那令,1
镇小娟,1
撕下来,1
变灰,1
即便如此,1
摄影棚,1
屈指可数,1
有错,1
竟会,1
贤惠,1
游后,1
love,1
best,1
met,1
ive,1
everyone,1
introduce,1
细想,1
田宇能,1
珍视,1
钟情,1
萦绕在,1
见仁见智,1
些微,1
梦幻,1
铺陈,1
长篇,1
相得益彰,1
神秘主义,1
个人观点,1
青睐,1
搭调,1
出其不意,1
不烂,1
不俗,1
索然无味,1
度方,1
翻黑森,1
至死,1
笑容,1
咖啡店,1
做作,1
fantastic,1
much,1
更何况,1
黑箱,1
终极,1
远向,1
深向,1
向下,1
一堵,1
迎面,1
平原,1
生日礼物,1
输出,1
听懂,1
痛彻,1
殊途,1
绮丽,1
情长,1
人鬼,1
未竟,1
金句,1
空气稀薄,1
意境,1
踏进,1
吞掉,1
写金句,1
只在乎,1
滑稽,1
闷棍,1
怨鬼,1
指不定,1
亮堂,1
往来,1
今生,1
白烛,1
大纲,1
遥遥地,1
冥府,1
流转,1
祈祷,1
生人,1
不约而同,1
卖太牛,1
奇异,1
骨骸,1
活过,1
妒忌,1
暗藏,1
累累,1
人之口,1
先前,1
题外,1
首当其冲,1
村庄,1
之初,1
不足为外人道,1
上文,1
称道,1
和盘托出,1
策略,1
中则,1
魔幻现实主义,1
通俗易懂,1
具象,1
显灵,1
起伏跌宕,1
汇入,1
荒诞不经,1
引用,1
岂少,1
肢解,1
遗照,1
慢慢来,1
尘埃落定,1
体弱多病,1
价码,1
标注,1
债务,1
这笔,1
早年间,1
不得已,1
萎缩,1
金库,1
细心,1
黑板,1
田宇谋,1
打肿脸充胖子,1
弄完,1
衰败,1
宿命,1
属性,1
依附,1
血馒头,1
漏掉,1
天下,1
非真,1
何必,1
综合,1
进程,1
基本矛盾,1
大厦,1
客观,1
社会风气,1
拙劣,1
韦勒克,1
叵测,1
照见,1
可鉴,1
中之情,1
造势,1
信以为真,1
乏味,1
唐吉诃德,1
约定,1
高明,1
人财两空,1
如命,1
大同小异,1
旨在,1
此基础,1
并非如此,1
二作,1
非情,1
复生,1
生生,1
古文,1
所言,1
汤显祖,1
未了,1
剧中人,1
张扬,1
力有,1
乐于,1
正因如此,1
心知肚明,1
一场虚惊,1
假戏真做,1
归根结底,1
虚虚实实,1
喂给,1
外化,1
哮喘,1
田宇子,1
灶台,1
其乐融融,1
但令,1
开启,1
假死,1
出售,1
格外,1
外来人,1
大有可为,1
禁山,1
身死,1
方子,1
转手,1
倒入,1
牢记,1
无瑕,1
映射,1
比作,1
喜爱,1
引魂,1
修补,1
课文,1
背上,1
站台,1
承父,1
广阔天地,1
应付,1
谈起,1
加分,1
花儿,1
道别,1
镜花水月,1
后首,1
村口,1
结尾处,1
美好未来,1
下林理洵,1
之分,1
水泡,1
朝夕相处,1
宣称,1
老爷子,1
陈青穗本,1
上路,1
两界,1
缺阴,1
点名,1
心不在焉,1
上课时,1
完药,1
思儿,1
专心,1
辞掉,1
听从,1
后赵,1
确定,1
宇是,1
而亡,1
精神支柱,1
炖鱼,1
过世,1
线条,1
第二天,1
药人,1
密谋,1
器皿,1
充当,1
饱受,1
受罚,1
债磔刑,1
心切,1
想方设法,1
偏方,1
法子,1
想不到,1
林中鸟,1
马上,1
棋子,1
可弃,1
默片,1
全家福,1
外乡人,1
张脸,1
模样,1
爱抽,1
抽田宇,1
下田,1
强忍,1
芳芳能,1
多嘴,1
冷漠,1
入睡,1
每况愈下,1
答应,1
小舟,1
学弟,1
众位,1
人致,1
默默无闻,1
路途,1
糟糕,1
感悟到,1
利刃,1
其活,1
重蹈覆辙,1
郑明,1
蛊惑人心,1
亮晶晶,1
仇人,1
龙之介,1
芥川,1
舞会,1
好比,1
事儿,1
悲从中来,1
那束,1
消弭,1
亲眼,1
阴霾,1
使命感,1
轨道,1
局限于,1
广义,1
蒙冤,1
社长,1
不怀好意,1
追回,1
短促,1
猝然,1
黑灰压,1
旷野,1
仗义,1
大祸,1
星罗棋布,1
指着,1
含笑,1
眉眼,1
倏而,1
青潭芳芳,1
蚌埠,1
一刀,1
转瞬,1
四方,1
夜中,1
牢狱,1
身陷,1
名义,1
自始至终,1
仔细,1
不以,1
孽缘,1
中年,1
出狱,1
监禁,1
被判,1
针叶林,1
地缚,1
跳楼自杀,1
负担,1
不堪,1
我操,1
尽数,1
帮凶,1
不知情,1
暗恋,1
有多痛,1
掉入,1
涌上来,1
双方,1
里压,1
庭园,1
停止,1
心照不宣,1
海军军官,1
一帧,1
躁动,1
露台,1
聚在,1
猜猜看,1
全他,1
人吃人,1
探明,1
灵活运用,1
硬核,1
自主性,1
外拉进,1
灾祸,1
远离,1
回应,1
第二个,1
尽显,1
窗帘,1
套间,1
选在,1
诸君,1
以备,1
亲口说,1
姑妄,1
暗暗,1
相似之处,1
名头,1
我拉上,1
并置,1
声里,1
送来,1
忙里偷闲,1
名正言顺,1
警察局,1
拆封,1
冲冲,1
带点,1
两遍,1
房门,1
舞台,1
流行,1
仅凭,1
作画,1
场上,1
无所适从,1
茫然,1
其所穷,1
愈往,1
其崖,1
一叶,1
扁舟,1
庄严,1
跨度,1
质感,1
浮雕,1
转变,1
难分伯仲,1
有过之而无不及,1
三一律,1
昏倒,1
纳入,1
中说,1
没话,1
爆满,1
弧线,1
语音,1
小不太敢,1
不感兴趣,1
放心大胆,1
加速,1
shift,1
两步,1
慢走,1
不太好,1
理顺,1
字面,1
复线,1
艺术作品,1
第二种,1
珍惜,1
中善,1
火炬,1
接过,1
第三种,1
很小,1
风气,1
系列,1
陪同,1
下玩过,1
一会,1
强主,1
是国,1
通了关,1
上当,1
数一数二,1
昭昭,1
清风徐来,1
脊梁,1
蚕食,1
蠹虫,1
男主确,1
遗害,1
人玩到,1
大腿,1
下推,1
多试,1
偶有,1
几层,1
潜下,1
突破,1
起笔,1
软弱,1
熟知,1
好多好多,1
引申,1
优良,1
慢悠悠,1
凄凄凉凉,1
那版,1
朴树,1
不值一提,1
黄眉,1
惊天大,1
重重的,1
鲜明特点,1
死忠,1
事迹,1
超出,1
及格,1
不及格,1
完完全全,1
垃圾,1
分数,1
穷尽,1
一击,1
厕纸,1
致以,1
老式,1
当拿起,1
云里雾里,1
重金,1
杜绝,1
驻足不前,1
蜡笔画,1
宏伟,1
打斗,1
沁人心脾,1
多重,1
抵不过,1
残害,1
追寻着,1
阴沟,1
王尔德,1
化成,1
夸赞,1
电视剧,1
闪烁着,1
评定,1
无价,1
轻快,1
走不出,1
绅士,1
lsp,1
哲学家,1
肥宅,1
各路,1
略逊一筹,1
顺理成章,1
我想,1
谭中,1
之于,1
福利,1
阿巴,1
生父母,1
故土,1
魂牵梦萦,1
就种,1
医务室,1
中叶,1
不起,1
中闻折,1
大神,1
大小,1
信仰,1
突突突,1
闲钱,1
不退,1
加价,1
喜加,1
精通,1
手快,1
动动脑,1
轻松愉快,1
炸炸,1
打击,1
百兆,1
锻炼,1
之魂,1
中等,1
宠物,1
你家,1
exe,1
画图,1
区分,1
像素,1
耳边,1
高超,1
李白,1
透不出,1
掏出,1
阖家欢乐,1
团聚,1
驾轻就熟,1
短篇,1
地面,1
避实就虚,1
ember,1
翻译成,1
发不出,1
那发,1
气味,1
上带,1
灰尘,1
空气,1
后散,1
巨响,1
爆裂,1
玩意,1
粗笨,1
把玩,1
脑补欧,1
用纸,1
含泪,1
蹂躏,1
心绪,1
大网,1
芳华,1
恍如,1
芳芳叶,1
复盘,1
临近,1
最先,1
沟渠,1
焰火,1
自行,1
翻译,1
平淡无奇,1
白浊,1
喷射,1
论调,1
野秀明,1
完毕,1
象征性,1
壳子,1
英文翻译,1
繁多,1
别有用心,1
土长,1
而芳芳,1
丢失,1
塑料,1
穷极,1
挂画,1
卫生室,1
稻穗,1
青涩,1
敛财,1
仁心,1
道德,1
那页,1
画上,1
天际,1
称绝,1
拍案,1
品来,1
琢磨不透,1
全身,1
新苗,1
医者,1
刺鼻,1
抱负,1
亨利,1
有感,1
无声无息,1
解答,1
黑压压,1
叶所言,1
重压,1
三位,1
扣住,1
首尾呼应,1
走得,1
第一条,1
完以,1
亦可,1
镜能照,1
代替,1
余孽,1
百年树人,1
骄傲地,1
越远,1
夜曲,1
用法,1
杜鹃啼血,1
折射,1
耸立,1
不由自主,1
传统习俗,1
保有,1
耳濡目染,1
为外,1
古早,1
党手,1
揭幕,1
环环,1
打造出,1
看清,1
定义,1
一窥,1
泥沼,1
不能自拔,1
辛酸,1
技巧,1
无与伦比,1
感是,1
无时不刻,1
基础,1
犯规,1
酷刑,1
小娟芳芳,1
野心,1
埋下,1
巨多,1
一切都在,1
剪辑,1
带动,1
激烈,1
度高,1
隐晦,1
冒出来,1
难以置信,1
一条条,1
事实证明,1
削减,1
来破,1
剥茧,1
乏善可陈,1
驱动,1
骇人听闻,1
过长,1
tql,1
受害人,1
就动,1
层出不穷,1
触景生情,1
倒放,1
倍速,1
重影,1
枫树,1
月落乌啼,1
活灵活现,1
画中,1
那画,1
屡屡,1
绷住,1
铅笔画,1
止不住,1
难用,1
断头,1
迥然不同,1
当属芳芳,1
大有,1
导演,1
对话框,1
败笔,1
拾樱,1
为民,1
春蚕到死丝方尽,1
愿作,1
舍不得,1
锦上添花,1
动作,1
炫酷,1
蜡炬成灰泪始干,1
想害,1
使者,1
枚举法,1
作案动机,1
力度,1
亦正亦邪,1
一员,1
坏人,1
另有,1
慢吞吞,1
袭警,1
放火,1
太弱,1
主义,1
如愿以偿,1
就是指,1
借问,1
正站,1
沉沉,1
暮霭,1
黄昏时分,1
相思,1
不舍,1
离人,1
归不归道,1
行人,1
飞尽,1
歌词,1
折尽花,1
柳条,1
留丝,1
柳即,1
相赠,1
正午,1
诗里,1
赠别,1
柳是,1
河畔,1
依依不舍,1
链接,1
看作,1
桑梓,1
代名词,1
庭院,1
桑树,1
梧桐,1
种树,1
情柳,1
超赞,1
照拂,1
美人,1
好种,1
形态,1
婀娜多姿,1
人丁兴旺,1
成活,1
非常容易,1
插柳,1
胃口,1
自古,1
好活,1
赠离,1
食用,1
日月,1
出口,1
匆匆忙忙,1
一集,1
各个方面,1
毫无关系,1
彰显,1
转角,1
喜怒哀乐,1
大团圆,1
舍身取义,1
越长越,1
悲喜,1
健康,1
正路,1
沉迷,1
家庭和睦,1
基层,1
社会主义,1
扣人心弦,1
玩点,1
烙痕,1
骨干,1
里田宇,1
图片,1
极简,1
哀愁,1
重量级,1
封面,1
而战,1
街上,1
安全,1
出山,1
大大增加,1
起码,1
烦心事,1
这间,1
难免,1
变色,1
字体,1
凋零,1
法律制裁,1
法律,1
违反,1
极低,1
山水,1
喘气,1
青山,1
卓越,1
decryption,1
full,1
interesting,1
making,1
integrated,1
closely,1
puzzles,1
friendly,1
moderately,1
part,1
ever,1
sacrificial,1
memorable,1
most,1
one,1
生生不息,1
相传,1
垂绳,1
野花,1
漫山,1
即时,1
chinese,1
culture,1
二三十年,1
character,1
accidents,1
formed,1
unexpectedly,1
inevitable,1
four,1
murder,1
fascinatingbehind,1
case,1
performance,1
excellent,1
pursues,1
affect,1
mild,1
follow,1
coolness,1
piercing,1
天伦之乐,1
faces,1
oriental,1
subtleties,1
警察所,1
交通,1
theme,1
一朝,1
撕碎,1
人惧,1
说辞,1
有香丘,1
飞到,1
随花,1
下生,1
愿侬,1
漂泊,1
鲜妍,1
edith,1
明媚,1
严相,1
风刀霜剑,1
三百六十日,1
吟里,1
葬花,1
奇妙,1
怅然,1
一会儿,1
自由化,1
finch,1
燃烬,1
微量,1
片山,1
当叶,1
而叶,1
当今,1
大可不必,1
回溯,1
只花,1
更少,1
含有,1
动过,1
distraint,1
打碎,1
发疯,1
本可,1
消亡,1
何时能,1
封建残余,1
可言,1
绝妙,1
改编,1
finally,1
sublimated,1
夸奖,1
毫不犹豫,1
每时每刻,1
招鬼,1
林能,1
永远都是,1
我草,1
寄出去,1
封信,1
永结同心,1
说往,1
刻板,1
涉嫌,1
重叙,1
机智,1
荒芜,1
土里,1
止步,1
不许,1
师长,1
八是,1
七道,1
赞个,1
车上,1
善心,1
九里,1
分毫,1
未伤,1
鬼鬼,1
滑块,1
最难,1
丢绳,1
表都,1
制作人员,1
能读,1
为啥,1
夫妻,1
有具,1
看漏,1
回去,1
看先,1
同一天,1
妻怀,1
挖出来,1
先烧,1
最早,1
叠障,1
刁钻,1
understand,1
hope,1
back,1
their,1
find,1
cannot,1
souls,1
guide,1
blooming,1
suffering,1
confused,1
righteous,1
套路,1
light,1
life,1
next,1
bird,1
may,1
candle,1
flowers,1
bouquet,1
thing,1
某游,1
月刊,1
迸射,1
其份,1
一月,1
种田,1
科幻,1
修真,1
手绘,1
像模像样,1
书式,1
教课,1
无懈可击,1
此刻,1
小作,1
陈列室,1
殿堂,1
抬入,1
皱纹,1
镀上,1
转直,1
而斗,1
绝尘,1
一骑,1
完事,1
消息,1
悠悠,1
更香,1
迸发,1
挣钱,1
糊口,1
半辈子,1
见不得人,1
转运,1
秉持,1
一去不返,1
开窍,1
简中及,1
对田向,1
无集卡,1
大佬,1
黑森汀,1
品味,1
归根到底,1
低等,1
招摇撞骗,1
引鬼,1
个性,1
圈内,1
荣和何,1
娱乐性,1
言语,1
恪守,1
杀意,1
引火上身,1
意为,1
弱点,1
克服,1
忍耐,1
骗过,1
携带,1
老去,1
家族,1
持续,1
相夫教子,1
奉献给,1
定居,1
阴差阳错,1
愿景,1
狱中,1
复苏,1
愚昧无知,1
个个,1
变换,1
顺从,1
地域,1
头昏,1
设立,1
ying,1
yin,1
同年,1
这代人,1
人头,1
本作里,1
那部,1
自相矛盾,1
过眼,1
盈利,1
吃屎,1
例行公事,1
感不强,1
dlc,1
ip,1
打造,1
强烈要求,1
独芳芳,1
过高,1
云烟,1
经得起,1
钱来,1
电影吧,1
看部,1
恐极,1
细思,1
东方式,1
再用,1
先用,1
还行,1
可歌可泣,1
扩列,1
初醒,1
纯阴,1
三百块,1
转账,1
vx,1
用通,1
引人,1
喜庆,1
加隔,1
云过,1
葬送在,1
子孙,1
喜剧,1
悄然,1
飘摇,1
各不相同,1
高大,1
伟岸,1
这根,1
苟且偷生,1
必得,1
摸不着,1
循着,1
受苦,1
盘根错节,1
青少年,1
欲会,1
终究会,1
野马,1
脱缰,1
父辈,1
难像,1
艰难,1
洗礼,1
池塘,1
老天爷,1
太晚,1
共生,1
浓烈,1
无趣,1
搞笑,1
戴上,1
令人厌恶,1
副产品,1
本能,1
生存,1
一死了之,1
深入骨髓,1
所开,1
由始至终,1
绵绵不绝,1
懂个,1
感并,1
超棒,1
归林,1
引爆,1
雪上加霜,1
玩笑,1
三教九流,1
骨髓,1
污名,1
从警,1
通俗,1
长久以来,1
补个,1
特地来,1
领略到,1
留个,1
道破,1
开辟,1
手持,1
一夜,1
物欲,1
生路,1
心声,1
过上,1
改头换面,1
淳朴,1
一车,1
并用,1
偷走,1
罪行,1
娶妻生子,1
无从谈起,1
败给,1
原封不动,1
高岭,1
企及,1
景仰,1
万众,1
本应,1
仁爱,1
貌若天仙,1
自强,1
下一辈,1
安身立命,1
物质条件,1
成家立业,1
亲近,1
周边,1
中人,1
一潭死水,1
启发,1
到头来,1
深坑,1
跳进,1
表达形式,1
地流,1
屈服于,1
连在一起,1
版本,1
cc,1
流水账,1
由内而外,1
远远望去,1
河流,1
诗读,1
垂葬,1
美好世界,1
凶案,1
十号,1
多一些,1
之三,1
五分,1
影院,1
讲愿,1
致谢,1
飞过,1
路标,1
回返,1
九月,1
公告,1
若隐若现,1
住院,1
剥丝,1
经典之作,1
影视界,1
招牌,1
原作,1
初次,1
这作,1
关注点,1
上面,1
过生日,1
带上,1
好几年,1
在外,1
独身,1
良久,1
这天,1
会湿,1
眼眶,1
otz,1
外放,1
亡人,1
两条,1
徒留,1
右手,1
眼神,1
坚定不移,1
我练,1
笑笑,1
书写,1
帮忙,1
姐会,1
狗爬,1
选曲,1
左撇子,1
志向,1
写字,1
板报,1
班里,1
全能,1
娜姐,1
会管,1
活力,1
个子,1
班上,1
四线,1
而娜,1
心痛,1
不吐,1
加快,1
密度,1
分支,1
特写,1
时用,1
卡通画,1
倍增,1
搜证,1
收藏,1
关系不大,1
姐则,1
满天,1
如娜姐,1
前赴后继,1
照不到,1
锤击,1
字字,1
播撒,1
不便,1
城市边缘,1
抽茧地,1
堕至,1
二次元,1
神志,1
连衣裙,1
白色,1
理询,1
那套,1
穿着,1
残忍,1
黎明前,1
溃败,1
清醒,1
虐待,1
前尘,1
母则,1
本弱,1
平常,1
不在少数,1
湿润,1
苛待,1
冷淡,1
满怀,1
赤裸,1
山葬,1
陈医生,1
当好,1
雄鹰,1
赤子,1
为情,1
名声,1
以保,1
犯险,1
人言可畏,1
不惧,1
宣泄,1
十多年,1
山本,1
前程,1
私情,1
钢琴曲,1
掺杂,1
磨平,1
良善,1
根肋骨,1
换作,1
蛮不讲理,1
被误,1
太小,1
血淋淋,1
丧命,1
坐上,1
站上,1
言简意赅,1
画质,1
大吼大叫,1
玩元,1
老逼登,1
明年,1
人里,1
班车,1
力气,1
主紫雨,1
面容,1
固执,1
明星,1
他本,1
更名改姓,1
一丝丝,1
遇害,1
庆幸,1
一道道,1
看遍,1
影视作品,1
爱恋,1
用作,1
惨在,1
认命,1
因有,1
电视,1
那首歌,1
维维,1
利器,1
伤己,1
伤人,1
一世,1
虐点,1
小天使,1
蛇蝎心肠,1
皮下,1
魑魅魍魉,1
中藏,1
胶囊,1
暗沉,1
境界,1
泪点,1
中寻得,1
秀气,1
恩赐,1
闪回进,1
渡上,1
一缕缕,1
二月份,1
灰蒙,1
远山,1
落英缤纷,1
归处,1
灯火,1
沁入,1
一幕幕,1
感它,1
宣告,1
望去,1
素养,1
他娘,1
观影,1
燃放,1
yep,1
nbnb,1
画幅,1
荒诞剧,1
万分,1
不清,1
想成,1
青衫,1
阴魂,1
阴阳眼,1
师从,1
追忆,1
老来,1
启封,1
陈年,1
试一试,1
环绕着,1
符合中国,1
孤寂,1
贴近,1
缺憾,1
人像,1
偏远地区,1
此生,1
最抚,1
独一无二,1
遗书,1
皮肤,1
只言片语,1
逃生,1
零碎,1
蝴蝶效应,1
不圆爱,1
摆烂,1
圆好,1
本上,1
语文课,1
一头雾水,1
一个样儿,1
启发性,1
分布,1
有两下子,1
一赠,1
大都,1
姑息,1
大学生,1
之苦,1
老叶,1
一线,1
从中,1
威逼,1
多谈,1
打包票,1
口述,1
送上,1
稍差,1
击穿,1
偏短,1
感强,1
杰出,1
设下,1
心之壁,1
故人,1
症结,1
矫情,1
灵活,1
蕴含,1
辩解,1
手术刀,1
玩通,1
买下,1
剖开,1
医科,1
幽灵,1
很久以前,1
可安否,1
滚动,1
时代特色,1
别开生面,1
一蹴而就,1
长评,1
口中,1
送入,1
下笔,1
耳语,1
窃窃私语,1
烦躁不安,1
大冒险,1
顺势,1
熊熊,1
聪明,1
盖过,1
度会,1
一剧,1
说太多,1
张大,1
独善其身,1
蒙住,1
想以,1
自责,1
推向,1
囊括,1
限时,1
考究,1
悉心,1
小醒,1
情向,1
品位,1
事后,1
紧张感,1
调动,1
躲藏,1
冷不丁,1
写个,1
悠哉,1
小心眼,1
干什么,1
微剧,1
四处寻找,1
寻物,1
浸入,1
过难,1
不功,1
绘卷,1
一幅,1
横幅,1
沙沙,1
哪款,1
某作,1
不屑一顾,1
得空,1
耽误,1
写些,1
凉风,1
吹来,1
雨声,1
无缘,1
市面上,1
奇观,1
天文,1
晴空万里,1
前两天,1
极大值,1
将会,1
流星雨,1
英仙座,1
今夜,1
粗糙,1
高强度,1
岂止,1
抛开,1
实力,1
万万,1
正题,1
强硬,1
勾起,1
下功夫,1
考证,1
不提,1
细胞,1
在此之前,1
某种程度,1
古老,1
秘传,1
同质化,1
恐来,1
可要,1
追杀,1
少数,1
暗中,1
耻辱,1
纸上,1
奇遇,1
藏头诗,1
越会,1
尽而意,1
言有,1
仁者见仁,1
死活,1
屋内,1
那栋,1
舒缓,1
勉励,1
下药,1
越玩到,1
花钱,1
找主播,1
排除,1
三分之二,1
取得,1
可见一斑,1
光看,1
心血,1
究其,1
称赞,1
无穷的,1
挺足,1
上乘,1
终成,1
登高望远,1
极目,1
别上来,1
好人家,1
下辈子,1
正切,1
强迫,1
我名,1
往昔,1
长命,1
之想,1
谢罪,1
看吧,1
当个,1
很弱,1
指代,1
通完,1
秋水伊人,1
应得,1
强推,1
画外音,1
跨越,1
否认,1
刨出来,1
人语,1
作死,1
壁厢,1
有道是,1
痴癫,1
急促,1
戏中,1
假癫,1
光天化日,1
解构,1
奢求,1
定下,1
楔子,1
坚不可摧,1
抛锚,1
脱节,1
后文,1
稀释,1
咏叹,1
抒情,1
那壁厢,1
扮死,1
连通,1
但巧,1
点缀,1
桥灵,1
成人,1
连结,1
小菜,1
如此而已,1
无可比拟,1
公允,1
无忌,1
强度,1
劫数,1
何哀,1
局者,1
甚观,1
之何,1
当局者迷,1
慨叹,1
剩得,1
终了,1
闹剧,1
小坑,1
单元,1
与志怪,1
虚汗,1
归咎于,1
依托,1
亲历者,1
寄希望于,1
终极目标,1
没断,1
刀片,1
玩儿,1
指缝,1
老烂俗,1
一码事,1
实感,1
什么游戏,1
拙见,1
浅知,1
影片,1
闭上眼,1
劲儿,1
不易,1
深知,1
分明,1
苛责,1
staff,1
洒落,1
称号,1
热血,1
一大堆,1
影视剧,1
光芒四射,1
行色匆匆,1
透明,1
澄澈,1
月色,1
轻云,1
毒品,1
羁绊,1
崩塌,1
独木桥,1
浑然不知,1
天边,1
没好,1
递给,1
回事,1
引人智,1
一长串,1
删掉,1
药瓶,1
申明,1
非常感谢,1
堆起来,1
插件,1
代码,1
谋利,1
拆包,1
查看,1
文件,1
工程,1
难道,1
利他主义,1
打不开,1
中段,1
没用,1
末尾,1
maker,1
埋好,1
绝配,1
很配,1
它配,1
有下,1
椅上,1
脱出,1
放船,1
写定,1
名篇,1
八音盒,1
两滴,1
中立,1
不大不小,1
裹挟,1
实用主义,1
沾点,1
山烧,1
阻挡,1
学警,1
劝林,1
比如说,1
slogan,1
性命,1
微妙,1
尤深,1
赞歌,1
聚焦,1
呼之欲出,1
鬼来电,1
下定,1
很会,1
下定决心,1
拼尽,1
自知,1
踏出,1
消磨,1
较真,1
不妥,1
回过头来,1
登峰造极,1
一发,1
视野,1
生离,1
碧连,1
有血有肉,1
筑成,1
顶尖,1
高低贵贱之分,1
代代相传,1
一人能,1
过分,1
错者,1
疾苦,1
异兽,1
转移,1
阴界,1
发言,1
看得出,1
从这一点,1
究其根源,1
相近,1
开车,1
斟酌,1
注意力,1
菜鸟,1
神灵,1
唯物,1
丝毫,1
亲友,1
三份,1
稀里哗啦,1
之花火,1
地像,1
苦海,1
带离,1
猝不及防,1
内脏,1
擦屁股,1
井中人,1
林理洵们,1
自与,1
花丛,1
不公,1
多多,1
角落里,1
隐秘,1
诱拐,1
几经,1
轮船,1
乘船,1
长夜,1
万古,1
变作,1
领略,1
水上,1
引途,1
辞职,1
升任,1
立功,1
生死未卜,1
打湿,1
残肢,1
权贵,1
鲜血淋漓,1
贡献,1
只差,1
故弄玄虚,1
猜恶,1
演变,1
英社,1
愿拾,1
逐步推进,1
一点一滴,1
摇曳,1
重获,1
方方,1
对称,1
翻身,1
永世,1
闸刑,1
一万年,1
中受,1
犯法,1
那一,1
活路,1
该游戏,1
大错特错,1
赵晓娟,1
半个,1
任然,1
称其为,1
愿青穗,1
昙花一现,1
大包大揽,1
领养,1
中医,1
值得尊敬,1
融为一体,1
千千万万,1
感念,1
扬名,1
署名,1
披露,1
追查,1
大爱,1
莫过于此,1
闻一闻,1
这正,1
人错,1
不堪回首,1
血肉,1
哀婉,1
盛赞,1
而怅,1
听者,1
讲妙,1
妨碍,1
全点,1
头绪,1
标记,1
乏力,1
一文不值,1
分类,1
哀歌,1
披着,1
受阻,1
那要,1
吓住,1
我梦中,1
标准答案,1
并不一定,1
夙愿,1
难解难分,1
而生,1
这鬼,1
一念之间,1
forest,1
black,1
tales,1
真能,1
受其,1
没人,1
孑然一身,1
无处可去,1
山峰,1
实体,1
最令,1
监狱,1
传播,1
非要,1
且不论,1
高手,1
算出,1
败也萧何,1
成也萧何,1
科普知识,1
放出,1
刮骨,1
麻药,1
元值,1
更上一层楼,1
挑人,1
绵长,1
旧痂,1
疗毒,1
另类,1
精妙,1
凌厉,1
华彩,1
光彩熠熠,1
恩德,1
孤舟,1
尚怀,1
张望,1
踱步,1
前人,1
人受,1
风蚀,1
长歌当哭,1
死时,1
恐而,1
畏罪自杀,1
放缓,1
模拟游戏,1
照出,1
很绝,1
恢复,1
干活,1
抓来,1
纸鱼,1
不单是,1
蹩脚,1
费心,1
敌统,1
耗时,1
为例,1
恰当,1
称之为,1
指纹,1
鉴赏,1
不太会,1
调频,1
高低,1
看火人,1
dear,1
ester,1
下边,1
神经病,1
一列,1
恐怖电影,1
斗争,1
大促,1
伸手,1
整合,1
而乱,1
着急,1
千辛万苦,1
乱七八糟,1
打翻,1
确认,1
焦急,1
那俩,1
咎由自取,1
侧重于,1
生存空间,1
模拟,1
何在,1
蜕皮,1
墙体,1
抓人,1
美去,1
补一嘴,1
讴歌,1
明晃晃,1
凄凉,1
性格特点,1
弄清,1
整理,1
做错事,1
门诊,1
顾及,1
婆家,1
田宇来,1
上市,1
魔鬼,1
夺命,1
欺瞒,1
因医闹,1
柔和,1
布景,1
眼球,1
比方说,1
一大截,1
密码锁,1
冗余,1
相宜,1
不装,1
老老实实,1
全在,1
私宅,1
半年前,1
角度看,1
云完,1
近乎零,1
速通,1
很淡,1
绞尽脑汁,1
娟芳,1
智力,1
陈叶,1
沦落,1
至此,1
势必,1
特务,1
三人后,1
春兰秋菊,1
阴红阴,1
铃声,1
冷暖,1
尖哮,1
冲过来,1
倒下,1
一个纸,1
糅杂,1
深吸,1
楚人,1
搞破坏,1
先秦,1
永恒,1
长无绝,1
追求幸福,1
交互方式,1
继续下去,1
起舞,1
传葩,1
连肝,1
黄阴绿,1
复刻,1
堆料,1
拿来主义,1
退路,1
落寞,1
感在,1
有报,1
天天开心,1
之感,1
陪陪,1
弱者,1
百姓,1
贫苦,1
东倒西歪,1
摆个,1
低语,1
嬉笑,1
不流于,1
禁不住,1
婚丧嫁娶,1
深耕,1
漫不经心,1
分散,1
无绝,1
秋菊长,1
开拓,1
飘来飘去,1
气泡,1
外加,1
呆呆,1
萌萌,1
自洽,1
从根本上,1
前言不搭后语,1
最恶,1
无神论,1
话略感,1
报仇,1
似是,1
僵尸,1
光明正大,1
埋伏,1
笔而,1
明志,1
片子,1
更进一步,1
泰然处之,1
春兰,1
扼住,1
礼魂,1
九歌,1
暗合,1
有意无意,1
魂兮归来,1
诗词,1
神话传说,1
受磔刑,1
感再,1
产出,1
粗略地,1
考察,1
上文写,1
流于形式,1
臆想,1
做梦,1
幸亏,1
小事,1
推断,1
拜托,1
一路上,1
再亮,1
机制,1
诗句,1
探究,1
消解,1
捏造,1
信心,1
说到底,1
打铁,1
相继,1
跳跃,1
中好,1
环绕,1
拉高,1
玩个,1
打分,1
续集,1
倾囊相助,1
精神紧张,1
有志之士,1
一波接,1
推陈出新,1
手感,1
血浆,1
人祸,1
粗制滥造,1
异军突起,1
记不住,1
花星落,1
投林,1
小众,1
破圈,1
悲歌,1
奏响,1
惨淡,1
资本,1
舍己为人,1
嗅到,1
血腥味,1
多款,1
日后,1
打个,1
刚玩,1
望穿,1
清河,1
tot,1
心脏病,1
微信,1
携手,1
缠上,1
时有,1
成真,1
仍存,1
行者,1
红叔,1
调查局,1
陆队,1
过河,1
共犯,1
那辆车,1
淹死,1
煞笔,1
好用,1
一吃,1
河鱼,1
赌徒,1
投机,1
空格,1
总想记,1
顶端,1
开着,1
踽踽独行,1
发微信,1
白天,1
中元节,1
春天,1
想来,1
神来之笔,1
结合体,1
鱼龙混杂,1
刚成立,1
以新,1
提不起,1
一霎那,1
粉身碎骨,1
坠落,1
垒砌,1
六个月,1
插眼,1
钻石,1
但人少,1
高歌猛进,1
坟墓,1
纪传体,1
谋杀,1
论坛,1
资料,1
搜索,1
决定性,1
人死,1
阴气,1
派人来,1
特地,1
想救,1
忠心,1
处表,1
讨好,1
从车,1
坐船,1
坏掉,1
细细品味,1
令人难忘,1
令人惊叹,1
这类,1
白杀,1
屁话,1
独白,1
温床,1
一走了之,1
踏上,1
有能,1
交出,1
幻象,1
疯魔,1
愈加,1
反派,1
招回,1
没有勇气,1
投毒,1
负面,1
隐忍,1
官僚,1
冥币,1
盆中,1
阴冷,1
说续,1
死人来,1
归到,1
冲着,1
史书,1
加到,1
三要素,1
设身处地,1
五行,1
学业,1
指田宇,1
相克,1
易经,1
家庭主妇,1
一心一意,1
宇去,1
八卦,1
死于,1
探求,1
心机,1
亲口,1
大大咧咧,1
黑化,1
叙述者,1
很难说,1
万念俱灰,1
符箓,1
有长有短,1
不可否认,1
交相辉映,1
万千,1
眼眸,1
映入,1
盛大,1
主控,1
静心,1
最意,1
必买,1
苍白无力,1
余音绕梁,1
井中蛙,1
多字,1
竭尽全力,1
三四次,1
范围,1
相纸,1
关爱,1
剪纸,1
绝非,1
套上,1
乾隆,1
弄巧成拙,1
一百分,1
第一幕,1
开创,1
倒斗,1
久仰大名,1
重玩,1
我之幸,1
人体,1
若能,1
引下去,1
真假,1
神怪,1
完满,1
失色,1
哑然,1
特殊性,1
神魔,1
叙说,1
账单,1
黑色幽默,1
寒冬,1
欢乐,1
搀扶,1
恐游菜,1
意识形态,1
出警,1
疑云重重,1
正因,1
男主通灵,1
阅尽,1
往上爬,1
会为,1
后遗症,1
女士,1
接受程度,1
捂着,1
自缢,1
不愿触,1
前情,1
其三,1
全家人,1
日益,1
下方,1
以身,1
替罪,1
东野,1
整篇,1
这味,1
难以想象,1
中写,1
里程碑式,1
被称作,1
档次,1
缺陷,1
惊世,1
连连,1
十二分,1
基本一致,1
惊叹,1
这家,1
留言,1
出乎意料,1
动漫,1
虚名,1
缥缈,1
潜力,1
所知,1
爸爸妈妈,1
两款,1
可笑,1
放飞,1
显化,1
之旅,1
残影,1
旧日,1
血渍,1
会动,1
冲淡,1
积极,1
鬼片,1
犯得,1
法术,1
施展,1
魂灵,1
全盘否定,1
田荣荣,1
客观存在,1
下鬼,1
老太太,1
俘获,1
这门,1
祭品,1
移走,1
地区,1
建设,1
入户,1
最大化,1
幕后,1
主使,1
付诸东流,1
断裂,1
一环,1
松懈,1
时时刻刻,1
拉锯战,1
买家,1
遗毒,1
先进,1
周而复始,1
做结,1
表演,1
固化,1
愚公移山,1
在手,1
余韵,1
才行,1
在水一方,1
非法,1
不妙,1
进来,1
拷死,1
鸟山,1
旅行,1
吃药,1
失常,1
铁路,1
火车票,1
构图,1
不可告人,1
构造,1
含剧,1
毁坏,1
子口,1
那辆,1
几张,1
先锋队,1
死气沉沉,1
好评率,1
油腻,1
几瓣,1
上锈出,1
铁罐,1
翡翠,1
绿成,1
剩菜残羹,1
爽性,1
破铜烂铁,1
扔些,1
半点,1
吹不起,1
清风,1
拾光,1
闻一多,1
血液,1
新鲜,1
滑坡,1
辽宁,1
家乡,1
桃花,1
罗绮,1
悠长,1
霉菌,1
出个,1
它造,1
开垦,1
让给,1
寂寞,1
耐不住,1
青蛙,1
几分,1
夸得,1
咬破,1
大珠,1
笑声,1
小珠,1
白沫,1
珍珠,1
漂满,1
绿酒,1
酵成,1
云霞,1
柯南,1
脑袋,1
全国性,1
不落俗套,1
room,1
比锈湖,1
对键,1
暖意,1
涌起,1
不适感,1
拔高,1
黄泉路,1
可悲可叹,1
画法,1
丹斯,1
终是,1
朝思暮想,1
唯美,1
感都,1
听觉,1
摸鱼,1
宵夜,1
狂炫,1
挂机,1
干扰,1
项多,1
到处,1
探探,1
践踏,1
等史,1
某日,1
第三人称,1
一杆,1
脑筋,1
动点,1
慧眼,1
辨识,1
商店,1
阻拦,1
意会,1
比划,1
说不清楚,1
想拉,1
欢笑,1
忘忧,1
夸一夸,1
药食,1
这辈子,1
足足,1
挖掘,1
空想,1
斯维尔,1
掉落,1
人心不足蛇吞象,1
困境,1
重大,1
拾起,1
上级,1
硕大,1
各种因素,1
暗地,1
消声灭迹,1
五味杂陈,1
侧面,1
刚买,1
铁石心肠,1
栖居,1
实为,1
恐慌,1
妖术,1
之书克,1
阻隔,1
没见,1
爬上去,1
种草,1
寝室,1
投影,1
我秀,1
hhh,1
玩惯,1
弥足珍贵,1
发热,1
奋斗,1
并未,1
拉上来,1
苏鲁,1
沉下心,1
拉上,1
绵薄之力,1
尽以,1
割断,1
哭诉,1
来此,1
难怪,1
信条,1
自豪,1
特别之处,1
老片,1
确让,1
献祭,1
不能不要,1
一下子,1
现阶段,1
白茫茫,1
nnd,1
第二遍,1
后章,1
前章,1
进井里,1
投下来,1
夜深,1
云彩,1
对错,1
漫长,1
遮住,1
转头,1
常用,1
赎罪,1
声配,1
快感,1
草率,1
聚集,1
散落,1
戏剧性,1
缩写,1
太美,1
条线,1
多言,1
无需,1
泫然泪下,1
后无来者,1
前无古人,1
高高,1
时好时坏,1
二要,1
高一,1
舆论,1
堆积起来,1
装疯卖傻,1
许多年,1
心间,1
肆意,1
亡夫,1
圆气口,1
闭环,1
送出去,1
一晃眼,1
含蓄,1
第五个,1
导师,1
论文,1
版能,1
打游戏,1
打游击,1
啥意思,1
留意,1
侧重,1
之神作,1
凶杀,1
边点,1
孵养,1
花农,1
留有,1
编成,1
自认,1
名清,1
比不上,1
微笑,1
露出,1
第三次,1
脚下,1
之者,1
时雨化,1
长途,1
默把,1
品格,1
窥见,1
前三章,1
超人,1
怎会,1
相爱,1
第三遍,1
加剧,1
乐于助人,1
不清多,1
打出,1
惊呆,1
碰巧在,1
违心,1
再配,1
繁琐,1
昏昏欲睡,1
回报,1
投资,1
操持家务,1
早年,1
童稚,1
尚小,1
膝下,1
培养,1
启领,1
老丈人,1
承上启下,1
枢纽,1
相符合,1
远走他乡,1
当赤烛,1
代餐,1
焦虑,1
合乎,1
常规,1
生到,1
未能,1
顾自地,1
社区,1
抽空,1
搏斗,1
空条徐伦,1
受众,1
替身使者,1
浴血奋战,1
亚于,1
壮观,1
赤烛,1
佯装,1
橙光,1
田宇时,1
忍受着,1
无时无刻,1
携女,1
智多星,1
迥异,1
人会,1
术语,1
stimuli,1
急需,1
骗局,1
入套,1
勾引,1
施小计,1
安全感,1
沉思,1
崇尚,1
威权,1
双双,1
老太,1
这条,1
动态,1
国力,1
耗尽,1
扩张,1
长久,1
通常,1
统治,1
难上加难,1
提供,1
往后,1
aversive,1
置疑,1
国游,1
抓紧,1
水盆,1
管理,1
领导,1
扎心,1
略见一斑,1
无助于,1
之重,1
威压,1
家庭成员,1
连叶敬山,1
传导,1
逃不掉,1
雕虫小技,1
中无风,1
无浪,1
偶像崇拜,1
狂热,1
热泪,1
难以捉摸,1
徐伦倒,1
胆小如鼠,1
返祖现象,1
先进性,1
现代性,1
多少级,1
层皮,1
高言大语,1
慷慨激昂,1
手臂,1
挥舞,1
叫喊,1
初期,1
无意识,1
中会,1
超乎寻常,1
原始,1
繁杂,1
花样,1
问问,1
群起而攻,1
tvt,1
年少时,1
喊叫,1
坎坷,1
大旗,1
同举,1
操纵,1
蒙面,1
素未,1
共同体,1
主轴,1
吞没,1
骗芳芳,1
挚友,1
结为,1
桌上,1
乒乓球,1
动画片,1
一町,1
纸灯,1
漂走,1
文明,1
居住,1
必定会,1
忘情,1
高速,1
敌对,1
歌谣,1
无可避免,1
宣誓,1
同一性,1
无愧于心,1
唾弃,1
可欺,1
开场,1
思潮,1
达尔文主义,1
配图,1
现如今,1
精神恍惚,1
拦下,1
之失,1
获胜,1
非常简单,1
仅差,1
奇思妙想,1
蓝天,1
分子,1
毋庸置疑,1
云会,1
茹毛饮血,1
裹身,1
兽皮,1
草叶,1
敌人,1
深藏,1
异类,1
一代代,1
一致性,1
群山环绕,1
组员,1
寂静,1
群体思维,1
智能,1
非黑,1
向井里,1
终会,1
多像芳芳,1
依赖于,1
接班人,1
从点,1
异国,1
说愿,1
牵动,1
振奋,1
增色,1
剥茧抽丝,1
有刀,1
肾上腺素,1
飙升,1
极致,1
本子,1
复制,1
近点,1
会想,1
壁垒,1
虽一,1
就立,1
字迹,1
斑驳,1
村头,1
办证,1
丝滑,1
美妙,1
多用,1
本篇,1
末段,1
卡住,1
破绽,1
骨痂,1
手作,1
毕业生,1
传统观念,1
钢笔,1
浸透,1
粉红色,1
大如山,1
较强,1
一脉相承,1
提升,1
一分,1
制定,1
光线,1
gameplay,1
泪腺,1
击垮,1
田晓霞,1
开锁,1
广告,1
阵痛,1
刚强,1
穿针引线,1
大公无私,1
但林,1
寒意,1
电脑屏幕,1
荼毒,1
恶意,1
中林穗娟,1
这本,1
易燃,1
声中,1
上下左右,1
按着,1
井中时,1
修改,1
自主,1
一条线,1
绝大部分,1
纯真无邪,1
如斯,1
感染,1
终点,1
踏足,1
坟地,1
号称,1
不明不白,1
战胜,1
坊间,1
片尾,1
摆在,1
书信,1
切入点,1
忌讳,1
之善间,1
包涵,1
心玩,1
国企,1
大哭,1
世纪之交,1
出笼,1
柔光,1
人际关系,1
餐腥啄腐,1
师兄,1
不进,1
胸无点墨,1
主管,1
器重,1
备受,1
意难,1
破产,1
罢免,1
平呐,1
孤陋寡闻,1
老总,1
苍生,1
独掌,1
企业,1
灭亡,1
推翻,1
专横,1
独断,1
国君,1
大权在握,1
油盐,1
撤职,1
本座,1
遭殃,1
舍得,1
智慧,1
学识,1
超常,1
领导力,1
变革,1
嘎嘎,1
入好,1
整泪目,1
专制制度,1
管理制度,1
民主,1
分裂,1
排挤,1
执迷不悟,1
目不识丁,1
有鬼,1
万恶,1
坐享,1
几天,1
深重,1
赶过去,1
人情,1
体谅,1
传宗接代,1
潦草,1
无望,1
高压,1
强权,1
小样,1
高速公路,1
看得见,1
摸不到,1
法轮大法,1
麦克斯韦,1
取决于,1
离得,1
不远,1
不近,1
几块,1
诞生,1
贪名,1
不乐意,1
某天,1
高材生,1
神而,1
大权,1
蠢货,1
储备,1
知识,1
他心,1
绝大多数,1
给我发,1
抽象,1
五大,1
抓住,1
敏锐地,1
作何,1
轻描淡写,1
化地,1
模板,1
衷肠,1
倾诉,1
倒苦水,1
找人,1
压根,1
仇恨,1
水声,1
侦查,1
歌里,1
拼成,1
整幅,1
告白,1
搭配着,1
杀伤力,1
集团,1
人仅,1
灵能,1
机械,1
布局合理,1
降神,1
侧重点,1
刑事,1
第三者,1
来龙去脉,1
无伤大雅,1
暖阳,1
大年三十,1
花四,1
闸口,1
不经意,1
此后,1
踏入,1
之大,1
议题,1
更想,1
送出,1
权钱交易,1
错综复杂,1
殉职,1
漂流,1
忘怀,1
当属,1
涓流,1
细水,1
天亮,1
相识,1
轻狂,1
年少,1
不负,1
天各一方,1
红尘,1
跨年,1
乱叫,1
泯灭,1
假报,1
田氏灭,1
重庆,1
村落,1
已故,1
恰巧,1
晚餐,1
天真烂漫,1
二老,1
颇深,1
养育之恩,1
这出,1
下本,1
吞咽,1
阵阵,1
忍着,1
吸烟,1
说服,1
岔路,1
位置,1
良心不安,1
途径,1
弱弱,1
怨念,1
玻璃,1
好友,1
满字,1
今非昔比,1
对林理洵,1
陀言陀语,1
无论怎样,1
厚望,1
寄予,1
凝噎,1
轨迹,1
侦破,1
愧疚,1
缺阴命,1
下过,1
丢人,1
察觉,1
音画,1
多有,1
无穷,1
凄清,1
所藏,1
退让,1
联结,1
强悍,1
立足,1
协同,1
快节奏,1
感极强,1
支撑点,1
联通,1
媒介,1
通灵为,1
振翅,1
石子,1
扇动,1
蝴蝶,1
救己,1
快要,1
崩溃,1
画笔,1
了结,1
呼吸,1
赋来,1
何种,1
转化,1
情人节,1
闭上眼睛,1
师德,1
以内,1
本不应,1
满眼,1
wwwwww,1
死法,1
历历在目,1
半年,1
收拢,1
细看,1
行事,1
酸奶,1
盒子,1
情趣,1
好吃,1
装点,1
和解,1
注视,1
如铁,1
短途,1
写作,1
重峦叠巘,1
保留住,1
举云高,1
绘画,1
连山,1
隐隐,1
着迷,1
出辽骤,1
霞光,1
散得,1
寂寥,1
成山,1
胸腔,1
踌躇,1
血泪,1
流着,1
迷魂,1
孕育出,1
产同,1
借景抒情,1
会回,1
疯长,1
袒护,1
深挚,1
确保,1
权为,1
卫生,1
保留,1
层叠,1
爬出去,1
独立性,1
铁窗,1
锈迹斑斑,1
困囚,1
走开,1
丧失,1
流沙,1
此路不通,1
爬起来,1
开花,1
先玩,1
对叶,1
杀掉,1
脸式,1
爱看,1
脱身,1
风扇,1
空调,1
没多久,1
阳痿,1
封神,1
works,1
shock,1
尘土,1
如雷,1
围住,1
调节,1
洪波,1
soul,1
操守,1
一粟,1
indescribable,1
长夜漫漫,1
遮挡,1
袅袅,1
父权制,1
人凉,1
取名,1
浑得,1
terrible,1
但入,1
没得说,1
change,1
root,1
cause,1
当下,1
长时间,1
problem,1
absurd,1
性玩,1
评估,1
习惯性,1
不太能,1
had,1
really,1
happened,1
抽时间,1
人散,1
almost,1
消散,1
未尝,1
特异功能,1
声泪俱下,1
一块儿,1
buff,1
爽玩个,1
后半段,1
比新,1
极恐,1
人思,1
作好,1
耳目一新,1
丰沛,1
不靠,1
时泽万田,1
无一物,1
连麦,1
另一端,1
更愿,1
自由度,1
润泽,1
播片,1
debuff,1
向光明,1
丧父之痛,1
百忙之中,1
最亮,1
回收,1
管窥蠡测,1
观察者,1
群像,1
较为简单,1
绝不会,1
玩吧,1
玩一,1
趣味十足,1
剧透太多,1
再现,1
妖魔鬼怪,1
惯用,1
鹏哥,1
偶像,1
老手,1
冬天,1
不算什么,1
苍穹,1
environment,1
遥想,1
忽然,1
长剧,1
全文,1
退化,1
现代人,1
先写,1
弟弟,1
赞摸,1
中透,1
战士,1
死绝,1
calm,1
down,1
怅然若失,1
奈何,1
customs,1
显少,1
插曲,1
clearance,1
dont,1
透多,1
刘慈欣,1
陈带,1
科幻小说,1
放手,1
不肯,1
键位,1
一家之主,1
导火索,1
这番,1
心地善良,1
耿耿,1
却成,1
走私,1
从事,1
压死,1
骆驼,1
产业,1
呆滞,1
猫猫,1
没指望,1
灰心,1
张嘴,1
how,1
一口,1
social,1
除却,1
敏感,1
fate,1
characters,1
扣押,1
严法,1
onlookers,1
面向未来,1
善事,1
多行,1
开朗,1
investigation,1
情结,1
助人,1
敬重,1
event,1
weak,1
善举,1
苦短,1
沙耶之歌,1
附加,1
为题,1
看守所,1
热烈,1
沾染,1
拉着,1
describe,1
台阶,1
离世,1
病重,1
feeling,1
长子,1
比喻,1
寸土,1
无辜者,1
报酬,1
男主有,1
moved,1
复燃,1
emotional,1
fetters,1
命名,1
unfortunately,1
火树银花,1
大事,1
打得,1
乌漆,1
纷纷,1
黑得,1
七八遍,1
千禧年,1
标志性,1
装潢,1
家具,1
牛批,1
麻黑,1
卡通,1
总体而言,1
刁难,1
累积,1
预算,1
解决,1
单个,1
解法,1
触式,1
企图,1
无可,1
八零,1
九零,1
前中期,1
融入,1
指望,1
各大,1
哲思,1
一震,1
其实质,1
外部,1
骤然,1
转向,1
恶劣,1
今夕,1
强项,1
操弄,1
不为,1
无缝,1
交替,1
好怪,1
骂人,1
心境,1
中以,1
女孙,1
而误,1
失火,1
炸起,1
亮起,1
死因,1
不义,1
义人,1
穷人,1
富人,1
雨下,1
老舍,1
一回,1
写困,1
大半夜,1
部屋,1
未麻,1
多刷,1
远远不够,1
日历,1
窗户,1
彩色,1
消耗,1
谭后,1
褒义,1
新任,1
预告片,1
镇中,1
西式,1
拿错,1
寸草不生,1
丧尸,1
中杀,1
武器,1
卷入,1
三光,1
有毒,1
耗子药,1
终害己,1
构筑,1
很加分,1
荧幕,1
剧组,1
追凶,1
白夜,1
力作,1
名作,1
夺取,1
杀手锏,1
可亲,1
藏于,1
隐入,1
盛满,1
间隙,1
肢块,1
悲愤,1
为难,1
不是故意,1
发毛,1
推断出,1
合情合理,1
顺其自然,1
太累,1
别总想,1
无怨无悔,1
全心全意,1
受困,1
扛下,1
连绵,1
不掉,1
旅人,1
害己,1
送葬,1
祁门红,1
彳亍,1
隔阂,1
涂炭生灵,1
魔头,1
欣赏性,1
拥有者,1
莲花,1
气死我了,1
没拿到,1
点错,1
生日蛋糕,1
显示,1
绝中绝,1
吊到,1
畏惧感,1
掩藏,1
过失,1
涨价,1
重生,1
带个,1
两点,1
遮日,1
表示,1
访谈,1
其实不然,1
为用,1
被誉为,1
烟雾弹,1
扣子,1
余裕,1
多条,1
讲清,1
无用信息,1
之高,1
乐趣,1
有失,1
偏颇,1
发生意外,1
诉求,1
归类,1
多方,1
教化,1
心结,1
某种意义,1
乌云,1
雨水,1
却心,1
pua,1
打压,1
压抑着,1
痛哭流涕,1
借魂,1
英年早逝,1
却会,1
平复,1
经典名曲,1
传世,1
填词,1
这歌,1
歌单,1
曾今,1
容身,1
很受,1
海外,1
一次性,1
地府,1
评到,1
预感,1
数不高,1
运行,1
转译,1
兼容,1
steamdeck,1
不由得,1
做错,1
真谛,1
想像,1
隐约,1
费点心思,1
关住,1
做过,1
无畏,1
上将,1
越往后,1
连续性,1
凉意,1
不散,1
缝里,1
纸片,1
人要,1
算不得,1
新奇,1
无以至千里,1
不积跬步,1
游历,1
震颤,1
快餐,1
批判性,1
低迷,1
高分,1
打上,1
触达,1
真心实意,1
破获,1
韵味,1
人称,1
迷糊,1
出现意外,1
事叶,1
离奇命案,1
构述,1
钻进,1
总带,1
血肉模糊,1
担不起,1
照相机,1
好几处,1
单一化,1
振聋发聩,1
中堪,1
毫无疑问,1
有情人终成眷属,1
还算,1
yy,1
总少点,1
血压,1
解不出,1
由衷,1
怀抱,1
部长,1
轻舟,1
再回首,1
独具匠心,1
大解密,1
自白,1
捂脸,1
转折,1
简要,1
短评,1
亲切感,1
三部,1
诟病,1
一贯,1
简简单单,1
算个,1
偏低,1
之匣,1
放松,1
极夏彦,1
嵌套,1
诡计,1
必然性,1
兼具,1
欲点,1
过誉,1
双重身份,1
要点,1
星星之火,1
燎原,1
榜样,1
不和林,1
应用,1
毫无作用,1
楼梯,1
可真,1
机器,1
照下来,1
从芳芳,1
相框,1
更妙,1
发麻,1
引路,1
eg,1
烛火,1
不留,1
事发,1
燎原之势,1
实施,1
两件事,1
除林理洵,1
美女,1
树下,1
归结为,1
院子,1
咱多,1
彼岸花,1
渡河,1
因父,1
恐解,1
精细,1
铺路,1
撒米,1
薄弱,1
泥淖,1
倒斗线,1
胡作非为,1
彻查,1
动线,1
干巴巴,1
都行,1
解不开,1
放个,1
边有,1
假设,1
三件,1
别致,1
骸骨,1
脸类,1
机器人,1
浏览,1
陪你走,1
融洽,1
融不,1
优不,1
追捧,1
走来走去,1
天伦,1
共享,1
有太多,1
降价,1
加紧,1
骄傲,1
很赞,1
点则,1
席卷,1
四射,1
毫无意义,1
容错,1
异响,1
调大,1
勒绳,1
打有,1
所以然,1
沉进,1
你好,1
缠到,1
有段,1
发尾,1
黑长,1
上半,1
前中后,1
bug,1
会卡,1
右下角,1
挪到,1
右侧,1
瓶子,1
苛刻,1
暴躁,1
不放过,1
通顺,1
浅度,1
打纸,1
炸响,1
放炮,1
扫墓,1
清明,1
隐隐约约,1
火烧,1
重山,1
太精彩,1
并不需要,1
菜狗,1
看算,1
怪不得,1
通往,1
相结合,1
不知去向,1
vongola,1
从前,1
文化教育,1
帷幕,1
祖祖辈辈,1
揭晓,1
立方体,1
孔放,1
冲天炮,1
王芳芳,1
刑期,1
人叶,1
围困,1
励志,1
xd,1
不卡关,1
好勇,1
忍俊不禁,1
纠结,1
可堪本,1
而会,1
挽歌,1
堆叠,1
悲鸣,1
呜意,1
夏日,1
漫里,1
香气,1
jpg,1
蔷薇,1
辣心,1
刺猬,1
nt,1
民族特色,1
义务教育,1
长吁,1
玩起来,1
暗藏玄机,1
游戏吧,1
卡尼个,1
下心来,1
下沉,1
上乘之作,1
国风,1
本土化,1
走心,1
意志,1
新一代,1
残余,1
毒瘤,1
引导性,1
正道,1
打赢,1
太牛,1
官司,1
狂玩到,1
初见,1
完岚岚,1
棒棒,1
感解迷,1
再见,1
受惊,1
不小,1
传下来,1
中带,1
闪图,1
愣住,1
花朵,1
大白天,1
衍生,1
创死,1
一级,1
便捷,1
九年,1
前用,1
买下来,1
二刷,1
叶有,1
佛陀,1
礼拜,1
陈用,1
公共电话,1
狰狞,1
金刚怒目,1
古刹,1
破败,1
置身,1
心惊,1
看去,1
透在,1
打电话,1
惨白,1
严经,1
段时间,1
二十六岁,1
献给,1
谨以此文,1
眯着,1
猩红,1
此地此时,1
吸饱,1
鼠药,1
请假,1
甚大,1
引开,1
案发现场,1
前往,1
刑警队,1
刚入,1
含糊不清,1
一通,1
加工,1
突发,1
横死,1
顾名思义,1
引子,1
人债,1
以死,1
弧度,1
泛起,1
记下,1
协助,1
第一部,1
别具,1
结语,1
八成,1
更深,1
盗窃罪,1
美满,1
成精,1
不准,1
建国,1
转折点,1
地里,1
绝不能,1
一刷,1
缜密,1
事与愿违,1
玩物丧志,1
真真正正,1
涌动,1
全程无,1
主机,1
猜错,1
朴实,1
林和叶,1
冗杂,1
荒凉,1
蜃景,1
结出,1
却常,1
干涸,1
真好,1
黄沙,1
鬼哭,1
风声,1
戈壁,1
聊以自慰,1
祝福,1
无话可说,1
忙碌,1
难得一见,1
相扣,1
生搬硬套,1
智力题,1
大街,1
脚踝,1
佼佼者,1
关照,1
嫁过来,1
我来,1
衷心希望,1
有滋有味,1
大富大贵,1
老破,1
搬出,1
本科学历,1
考取,1
致力于,1
我妈,1
插翅,1
相互支持,1
绘图,1
三十多岁,1
整天,1
东边,1
人过,1
火拼,1
争抢,1
相处,1
每一寸,1
过错,1
公务员,1
稳定,1
石头,1
古板,1
厚厚的,1
界定,1
文言文,1
假期,1
久闻其名,1
私货,1
夹带,1
男人,1
胸怀,1
包容,1
独当一面,1
专家,1
计算机,1
人情味,1
程序员,1
大厂,1
线下,1
河滩,1
黑社会,1
艰辛,1
技工,1
男主人,1
底下,1
祖宗,1
打起,1
欣欣向荣,1
常看,1
有其父必有其子,1
二代,1
常新,1
此人,1
多处,1
暴毙,1
china,1
雷姆,1
年生,1
小城,1
区中,1
工人阶级,1
吊打,1
办公室,1
杂活,1
度日,1
地基,1
浑浑噩噩,1
摆摊,1
小市民,1
批发店,1
文体,1
引路人,1
头脑,1
高开低走,1
一事无成,1
没圆上,1
订单,1
工种,1
流水线,1
闲职,1
文书,1
无一不包,1
装修,1
电路,1
盖房子,1
外国,1
缓慢,1
长于,1
这会,1
砖墙,1
多少倍,1
剧强,1
鲜肉,1
网文,1
赞比辣,1
张着,1
游荡,1
逼真,1
泛着,1
大火,1
少不了,1
共勉,1
磨灭,1
流水,1
河水,1
流动,1
静默,1
一双,1
攘括,1
深抵,1
枯骨,1
万幸,1
飞得,1
游思妄想,1
裹脚布,1
扔掉,1
碰见,1
写道,1
乡关,1
野夫,1
几欲,1
残渣,1
循序渐进,1
妖狐,1
怪话,1
前半段,1
雷雨,1
峰回路转,1
弧光,1
浓郁,1
分为,1
如织,1
烂泥,1
有幸,1
无言,1
空隙,1
掀开,1
揉碎,1
贴进,1
昏黄,1
欢欣,1
鲜亮,1
之声,1
裂帛,1
玄关,1
传下去,1
风中,1
感挺,1
连成一片,1
耐心,1
内幕,1
尚有余,1
微薄,1
转过身,1
冒出,1
空荡,1
掩埋,1
熏染,1
耻于,1
一干二净,1
懈怠,1
如影随形,1
直视,1
磊落,1
主旋律,1
祥和,1
歌舞升平,1
功用,1
林清穗,1
深远,1
严严实实,1
石臼,1
岗位,1
不屈,1
拼搏,1
奋发,1
意气,1
坐下,1
幌子,1
灵界,1
人声,1
无根,1
无从,1
不看,1
拼出来,1
忧愁,1
话术,1
承担,1
叶敬山会,1
风评,1
looks,1
trace,1
comfortable,1
impactful,1
concise,1
style,1
吓死人,1
attached,1
往后面,1
two,1
玩越,1
无系,1
私密,1
延申,1
更强,1
顺带,1
耐人,1
社会现状,1
最顶,1
着实,1
很顶,1
出不来,1
眯着眼,1
ttf,1
帮着,1
传送,1
半天,1
演奏,1
清泉,1
多年,1
越多越,1
两张,1
一打,1
持久,1
dozen,1
wish,1
迫不及待,1
they,1
grew,1
adopted,1
future,1
worries,1
patriarchy,1
rural,1
很足,1
through,1
something,1
convey,1
trying,1
producers,1
knowing,1
killed,1
he,1
向次,1
accident,1
星人,1
supporting,1
roots,1
homeless,1
lasting,1
everything,1
than,1
immersion,1
sense,1
stronger,1
design,1
script,1
extension,1
后作,1
plotoriented,1
storyoriented,1
stimulation,1
sensory,1
just,1
雷点,1
很痛,1
thinks,1
player,1
调整,1
private,1
太直,1
穿成,1
几幕,1
带田芳芳,1
上课,1
正面人物,1
无济于事,1
自私自利,1
丧心病狂,1
不干不净,1
受折磨,1
千万别,1
生气,1
抗拒,1
忘得,1
生恶,1
人玩过,1
看散,1
大众呢,1
抵抗,1
算了,1
缘故,1
经费,1
光照,1
看一看,1
重叠,1
反面人物,1
露凝香,1
短剧,1
明日,1
准时,1
物有所值,1
刚好,1
没崩住,1
叹一口气,1
越到,1
教田芳芳,1
嘴脸,1
章才,1
想用,1
全推,1
拴住,1
借此,1
因人而异,1
怪核,1
牙痒痒,1
主流,1
心潮澎湃,1
耐打,1
匠心独运,1
压抑感,1
以小见大,1
愚痴,1
谱曲,1
熨衣,1
投药,1
找寻,1
自由自在,1
太多太多,1
cod,1
命题,1
分岔,1
慎入,1
一颤,1
鼠躯,1
哈人,1
上升,1
源自,1
单调,1
前旧,1
不落窠臼,1
小叶,1
豁然,1
贴画,1
粉饰,1
相片,1
身心,1
领悟,1
幕布,1
爆赞,1
轻盈,1
夹杂着,1
边时,1
诵出,1
汇成,1
点开,1
比较突出,1
难以逾越,1
交易,1
权财,1
勾连,1
明朗,1
suspense,1
一身正气,1
优缺点,1
男主为,1
汲取,1
味蕾,1
常理,1
违背,1
男主说,1
太有,1
虎头蛇尾,1
迎合,1
争风吃醋,1
心系,1
embarrassing,1
看望,1
精神力量,1
两情相悦,1
缠绕,1
人写,1
挺无语,1
还给,1
来历不明,1
看样子,1
受欢迎,1
提炼,1
触手可及,1
第四,1
亡灵,1
这时候,1
深有,1
寄给,1
得来,1
刺探,1
疏而不漏,1
天网恢恢,1
还债,1
地要,1
张牙舞爪,1
赊账,1
判定,1
两块钱,1
认冥币,1
店主,1
付款,1
死穴,1
晚安,1
持续时间,1
第一眼,1
几百万年,1
刑罚,1
刑而田宇,1
田宇受,1
至终,1
至始,1
貫穿,1
田宇招,1
真亦幻,1
可循,1
有理,1
揭開,1
几件,1
两边,1
比鬼還,1
外望,1
不谙世事,1
旧式,1
酿出,1
美中不足,1
人上,1
淡淡地,1
常说,1
很深,1
集锦,1
次数,1
出声,1
信徒,1
虔诚,1
现世,1
西方人,1
五个,1
不能不,1
依赖,1
敬神,1
就行了,1
过好,1
眼下,1
不语,1
亲眼看见,1
大手,1
无忧无虑,1
热点,1
tag,1
催债,1
大头,1
追讨,1
五颜六色,1
sorrow,1
forget,1
pills,1
sleeping,1
mothers,1
remember,1
poor,1
witch,1
回馈,1
superstitious,1
daughterinlaw,1
百分百,1
tian,1
man,1
拆骨,1
sickness,1
same,1
有空,1
sympathy,1
mistakenly,1
into,1
zhao,1
pot,1
ending,1
dabai,1
officers,1
police,1
ghostsavvy,1
eyes,1
气质,1
gradually,1
things,1
晕菜,1
all,1
well,1
climb,1
可疑,1
rope,1
stay,1
continue,1
choose,1
investigates,1
xiaojuan,1
crime,1
窃钩者诛,1
broadcast,1
watched,1
fact,1
dubbing,1
voice,1
相望,1
attractive,1
effects,1
special,1
cost,1
high,1
playable,1
私通,1
时挺,1
生厌,1
惹人,1
迂腐,1
多样,1
无语,1
简约,1
live,1
long,1
bear,1
time,1
jingshan,1
ye,1
reasonable,1
which,1
tortuous,1
together,1
connected,1
mountains,1
support,1
teaching,1
core,1
爱人,1
rare,1
person,1
公家,1
different,1
feels,1
reputation,1
has,1
江夏,1
升春,1
积极向上,1
事正,1
湖面,1
散步,1
烧尽,1
姐姐,1
分手,1
很乱,1
私生活,1
流言,1
前男友,1
我怕,1
杀人犯,1
抖掉,1
靠近,1
从业者,1
一段时间,1
大专,1
一落千丈,1
垮掉,1
厌学,1
抑郁,1
波光粼粼,1
好美,1
柳暗花明,1
幸好,1
小学生,1
五六年,1
挑个,1
荷灯,1
怎么回事,1
发冷,1
不差,1
十点,1
我快,1
那方,1
那前,1
肉麻,1
更长,1
刚刚开始,1
学长,1
专科,1
同桌,1
前段时间,1
日常,1
狂躁,1
很差,1
精神状态,1
甘酒,1
名曲,1
给人以,1
宛如,1
微光,1
一番,1
不多且,1
认清,1
事件调查,1
几十年,1
启迪,1
一缕,1
落脚,1
芸芸,1
复杂程度,1
低估,1
互帮互助,1
愿有,1
原地,1
肉体,1
激荡,1
青天,1
转笔刀,1
堕落,1
重点高中,1
升入,1
一帆风顺,1
受益匪浅,1
从叶,1
认真负责,1
羡慕,1
老实,1
产生共鸣,1
潜藏,1
挑出,1
三言两语,1
二十块,1
洞口,1
现状,1
省吾身,1
忘光,1
库里,1
玩遍,1
五六个,1
价格便宜,1
热乎,1
正用,1
索木,1
流弊,1
淡定,1
很帅,1
侥幸,1
伤及,1
复仇,1
过会,1
偷东西,1
公平正义,1
盗墓贼,1
恰似,1
牵强,1
食物,1
前一刻,1
摸不着头脑,1
恶语,1
蒙受,1
不忍,1
汇集,1
艺术化,1
为小娟,1
无法自拔,1
祝好,1
引起共鸣,1
烧纸,1
倡导,1
可视,1
好神,1
翻涌,1
尽可能,1
第一遍,1
梯子,1
那句话,1
移风易俗,1
时时,1
亡者,1
追思,1
说林理洵,1
三四遍,1
两三年,1
渠道,1
计策,1
会儿,1
鼻子,1
多难,1
热闹,1
更多人,1
优渥,1
年度,1
俗套,1
求多,1
点到为止,1
组能,1
偏弱,1
念念不忘,1
有够,1
价但,1
多元,1
完折,1
小亏,1
摩根,1
真致郁,1
大表哥,1
分到,1
案时,1
入迷,1
好奇心,1
带芳芳,1
至善,1
到极点,1
芳芳泪,1
多声,1
击溃,1
腥味,1
无法忍受,1
长三,1
事件真相,1
递向,1
上司,1
编辑部,1
保住,1
忍韧,1
勿进,1
透比,1
英雄好汉,1
全网,1
万种,1
走远,1
灵性,1
感叹号,1
珍重,1
说不出来,1
神探,1
罢急,1
端上来,1
水花,1
冷眼相待,1
湖上,1
这像,1
锦旗,1
轮廓,1
压在,1
揪出,1
恭喜,1
齿轮,1
荣耀,1
可靠,1
秩序,1
蓦然,1
境遇,1
帽子,1
病患,1
不屑,1
再刀,1
我要,1
摩擦,1
舒展,1
纠葛,1
音容笑貌,1
伫立,1
随处可见,1
呵护,1
心想,1
偏心,1
痴狂,1
和睦,1
尽其所能,1
长短,1
尊敬,1
无理取闹,1
竟凝噎,1
千言万语,1
同情,1
患者,1
喝茶,1
封锁线,1
触犯,1
苦衷,1
综上,1
码剧,1
睡不着,1
当场,1
叛逆,1
轻看,1
初生,1
我超,1
录制,1
同步,1
镇定,1
墙跟,1
没事人,1
最具,1
至多,1
冒个,1
耳闻,1
早有,1
rpgmaker,1
背负着,1
合理化,1
传媒,1
回顾,1
数据,1
一串,1
之海,1
漂浮,1
梦寐以求,1
神迹,1
帮受,1
自述,1
冤枉,1
撞开,1
洗清,1
讲出,1
ww,1
鸟死,1
在读,1
无人问津,1
芳芳妈,1
带到,1
重要性,1
亲昵,1
信念,1
开阔,1
所写,1
坚定信念,1
吸引住,1
刻不容缓,1
剔除,1
静音,1
绕路,1
水底,1
门槛,1
溶于,1
艺术创作,1
心脾,1
验证,1
五星,1
感伤,1
大拇指,1
正着,1
很巧,1
五部,1
抽到,1
不无关系,1
醒目,1
吹散,1
独子,1
功亏一篑,1
得偿,1
牢牢,1
无垠,1
群体性,1
地域性,1
呈现出,1
天份,1
步入,1
创伤,1
害处,1
思想观念,1
多方面,1
知情人,1
着重点,1
抓走,1
精力,1
没路,1
选项,1
再次发生,1
大风,1
内存,1
地飞,1
悲愿,1
发下,1
开化,1
物理,1
铺开,1
基建,1
小村,1
一万只,1
出玩,1
报社记者,1
不连贯,1
打开方式,1
闲适,1
心意,1
平行,1
贯彻,1
造化弄人,1
上方,1
抚慰,1
悬梁,1
迄今为止,1
钢琴,1
花里胡哨,1
考试,1
无数场,1
埋没,1
谈完,1
推入,1
公之于众,1
好几遍,1
两隔,1
震撼人心,1
山田,1
从我做起,1
就医,1
谈一谈,1
告示牌,1
手指缝,1
四五分钟,1
上个,1
最多花,1
用到,1
体无完肤,1
